"MonitoringLocation","TotalDepth_min","TotalDepth_max","maxSampleDepth_min","maxSampleDepth_max","n_DO_min","n_DO_max","year_min","year_max","TotalDepth_10","TotalDepth_90","maxSampleDepth_10","maxSampleDepth_90","n_DO_10","n_DO_90","Num_Events","boo.CBP144","Latitude","Longitude","UTMX","UTMY"
"1AAUA001.39",2.5,3,1.5,2,3,4,2007,2015,2.5,3,1.5,2,3,4,13,FALSE,38.4,-77.32,297408,4252745
"1AAUA003.71",2,3.5,0.3,2.5,1,6,2004,2015,2,3,0.3,2,1,4,79,FALSE,38.42305,-77.35528,294392,4255382
"1ACHO000.47",2,3.5,1,2.5,2,5,2007,2011,2.7,3.5,1.9,2.5,3.8,5,29,FALSE,38.5,-77.31,298560,4263822
"1ADOU000.60",2,2.5,0.3,1.5,1,3,2004,2015,2,2.5,0.3,1.5,1,3,86,FALSE,38.69778,-77.12111,315541,4285375
"1ANEA000.40",NA,NA,0.3,1.5,1,3,2004,2006,NA,NA,0.3,1,1,1.4,17,FALSE,38.6,-77.25694,303460,4274805
"1ANEA000.57",3,4.5,1,3.5,1,7,2006,2015,3.5,4,1.5,3,3,6,94,FALSE,38.6,-77.25692,303462,4274805
"1AOCC002.47",2.5,5,0.3,4,1,8,2004,2015,3.5,5,0.3,3.5,1,7,89,FALSE,38.64028,-77.22222,306592,4279201
"1APOH000.21",NA,NA,0.3,0.3,1,1,2004,2005,NA,NA,0.3,0.3,1,1,9,FALSE,38.665,-77.13805,313983,4281771
"1APOH000.93",2,3,1,2,2,4,2007,2015,2.5,3,1.5,2,3,4,26,FALSE,38.67,-77.14,313826,4282330
"1APOH002.10",1.9,3,0.5,2,1,4,2007,2009,2,2.66,1,1.6,2,3.9,32,FALSE,38.67589,-77.16642,311543,4283037
"1APOH002.32",1,2.5,0.3,1.5,1,3,2004,2015,2,2.5,0.3,1,1,2,91,FALSE,38.68028,-77.16917,311315,4283530
"1APOM000.60",2.5,3,1.5,2,3,4,2007,2009,2.5,3,1.5,2,3,4,14,FALSE,38.34,-77.29,299863,4246021
"1APOM002.41",2,2.5,0.3,1.5,1,5,2004,2015,2,2.5,0.3,1.5,1,3,79,FALSE,38.3475,-77.3275,296606,4246935
"1AQUA000.43",2.5,4.5,1.5,3.5,3,7,2007,2015,2.9,4,1.5,3,3,6,57,FALSE,38.53,-77.28,301259,4267086
"AAG01",NA,NA,0.1,2,1,3,1993,1996,NA,NA,0.1,1.2,1,2.2,19,FALSE,38.914,-76.94886,331033,4309038
"AAG02",NA,NA,0.1,1,1,2,1996,1998,NA,NA,0.1,0.1,1,1,17,FALSE,38.914,-76.9422,331611,4309026
"ANA01",NA,NA,0.097,3,1,4,1990,2012,NA,NA,0.1,2,1,3,381,FALSE,38.91817,-76.94164,331669,4309488
"ANA02",NA,NA,0.1,0.1,1,1,1990,1997,NA,NA,0.1,0.1,1,1,77,FALSE,38.91567,-76.94525,331350,4309217
"ANA03",NA,NA,0.1,3,1,2,1990,1997,NA,NA,0.1,0.1,1,1,77,FALSE,38.91483,-76.94997,330939,4309132
"ANA04",NA,NA,0.1,2,1,2,1990,1997,NA,NA,0.1,0.1,1,1,75,FALSE,38.91289,-76.95303,330669,4308923
"ANA05",NA,NA,0.1,3,1,4,1990,2012,NA,NA,0.1,2,1,3,212,FALSE,38.90928,-76.95581,330419,4308527
"ANA06",NA,NA,0.1,0.1,1,1,1990,1997,NA,NA,0.1,0.1,1,1,75,FALSE,38.90567,-76.95803,330218,4308131
"ANA07",NA,NA,0.1,0.1,1,1,1990,1997,NA,NA,0.1,0.1,1,1,74,FALSE,38.90206,-76.96025,330017,4307734
"ANA08",NA,NA,0.1,7,1,8,1990,2012,NA,NA,0.1,4,1,5,245,FALSE,38.89872,-76.9622,329840,4307367
"ANA09",NA,NA,0.1,1,1,2,1990,1997,NA,NA,0.1,0.1,1,1,76,FALSE,38.89511,-76.9622,329831,4306966
"ANA10",NA,NA,0.1,0.1,1,1,1990,1997,NA,NA,0.1,0.1,1,1,76,FALSE,38.89095,-76.96303,329750,4306506
"ANA11",NA,NA,0.098,3,1,4,1990,2012,NA,NA,0.1,1,1,2,212,FALSE,38.884,-76.96886,329227,4305746
"ANA12",NA,NA,0.1,0.8,1,2,1990,1997,NA,NA,0.1,0.1,1,1,77,FALSE,38.884,-76.96886,329227,4305746
"ANA13",NA,NA,0.1,0.1,1,1,1990,1997,NA,NA,0.1,0.1,1,1,76,FALSE,38.87734,-76.97192,328946,4305012
"ANA14",NA,NA,0.1,7,1,8,1990,2012,NA,NA,0.1,3,1,4,423,FALSE,38.87734,-76.97553,328633,4305019
"ANA15",NA,NA,0.1,0.1,1,1,1990,1997,NA,NA,0.1,0.1,1,1,75,FALSE,38.87595,-76.98025,328220,4304874
"ANA16",NA,NA,0.1,0.1,1,1,1990,1997,NA,NA,0.1,0.1,1,1,74,FALSE,38.87428,-76.9847,327830,4304697
"ANA17",NA,NA,0.1,0.2,1,1,1990,1997,NA,NA,0.1,0.1,1,1,75,FALSE,38.87511,-76.98831,327519,4304796
"ANA18",NA,NA,0.1,0.1,1,1,1990,1997,NA,NA,0.1,0.1,1,1,75,FALSE,38.86972,-76.99277,327119,4304206
"ANA19",NA,NA,0.1,7,1,8,1990,2012,NA,NA,0.1,6,1,7,228,FALSE,38.87028,-76.99694,326758,4304276
"ANA20",NA,NA,0.1,0.1,1,1,1990,1997,NA,NA,0.1,0.1,1,1,75,FALSE,38.8715,-77.00108,326402,4304419
"ANA21",NA,NA,0.1,11,1,12,1990,2012,NA,NA,0.1,7,1,8,424,FALSE,38.85289,-77.0047,326042,4302361
"ANA22",NA,NA,0.1,0.1,1,1,1990,1997,NA,NA,0.1,0.1,1,1,74,FALSE,38.8665,-77.00692,325883,4303876
"ANA23",NA,NA,0.1,0.1,1,1,1990,1997,NA,NA,0.1,0.1,1,1,74,FALSE,38.86317,-77.00914,325682,4303510
"ANA24",NA,NA,0.1,6,1,7,1990,2012,NA,NA,0.1,5,1,6,224,FALSE,38.86122,-77.01276,325363,4303301
"ANA25",NA,NA,0.1,0.1,1,1,1990,1997,NA,NA,0.1,0.1,1,1,72,FALSE,38.859,-77.01692,324997,4303062
"ANA26",NA,NA,0.1,0.1,1,1,1990,1997,NA,NA,0.1,0.1,1,1,70,FALSE,38.85622,-77.01914,324798,4302758
"ANA27",NA,NA,0.1,0.1,1,1,1990,1997,NA,NA,0.1,0.1,1,1,71,FALSE,38.85289,-77.02053,324669,4302391
"ANA29",NA,NA,0.1,9,1,10,1990,2012,NA,NA,0.1,5,1,6,248,FALSE,38.85067,-77.0222,324518,4302148
"ANA30",NA,NA,0.095,3,1,4,1990,2012,NA,NA,0.1,2,1,3,243,FALSE,38.93388,-76.93806,332017,4311224
"ANT000.44",1.9,4.2,1.75,4,2,8,2013,2015,2.966,3.592,2.6,3,3,3,27,FALSE,37.6323,-76.33778,381959,4165860
"APP001.53",3.27,14.9,5,14,5,14,2006,2008,5.26,14,5,13,5,13,21,FALSE,37.3124,-77.29133,296949,4131990
"APP001.83",1.05,5.03,1,4,5,13,2006,2008,1.309,2.745,1.25,2.25,6,10,60,FALSE,37.31033,-77.30412,295809,4131788
"APP005.55",1.03,4.48,1,4,5,17,2006,2008,1.41,3.57,1.25,3,6,13,21,FALSE,37.30827,-77.35618,291189,4131673
"APP007.58",1,4.01,1,3.5,5,14,2006,2008,1.46,3.44,1.25,3.25,6,12,21,FALSE,37.27932,-77.35838,290914,4128466
"APP011.04",0.91,2.89,1,2.25,5,10,2006,2008,1.25,2.2,1.25,2.25,6,10,21,FALSE,37.23822,-77.38718,288246,4123969
"AQU003.71",1.1,1.68,1,1.5,5,7,2009,2009,1.19,1.602,1,1.35,5,6.4,7,FALSE,38.4205,-77.3532,294567,4255094
"AQU0037",1.3,2.3,1,2,2,4,2006,2008,1.4,2,1.1,1.7,2,4,21,FALSE,38.4205,-77.3532,294567,4255094
"BAK000.09",5.05,8.29,5,8,5,8,2010,2012,5.296,7.85,5,7,5,7,27,FALSE,37.11015,-76.293,385117,4107873
"BAK001.89",0,2.4,0.1,2,1,9,2010,2012,0.785,1.9,0.75,1.75,4,8,88,FALSE,37.10952,-76.31792,382902,4107834
"BAK004.35",1.35,2.26,1.25,2.25,6,10,2010,2012,1.458,2.03,1.25,1.85,6,8.4,27,FALSE,37.07637,-76.34287,380633,4104187
"BBY002.56",0.85,1.71,0.75,1.5,4,7,2019,2019,0.93,1.438,0.75,1.3,4,6.2,9,FALSE,36.9021,-76.0297,408263,4084507
"BBY002.74",0.7,1.45,0.5,1.25,3,6,2019,2019,0.8,1.295,0.75,1.25,4,6,28,FALSE,36.89964,-76.04625,406785,4084251
"BXK0031",1.4,28,0,0,1,1,2003,2013,2.1,3,0,0,1,1,128,FALSE,38.1355,-75.751,434185,4221115
"BXR0070",0.8,2.5,0.5,2.2,1,5,2011,2013,1.6,2.4,1.3,2.1,3,4,21,FALSE,38.08977,-75.77737,431831,4216060
"C-1",NA,NA,0.5,0.5,1,1,2001,2002,NA,NA,0.5,0.5,1,1,38,FALSE,37.29646,-76.0188,409703,4128246
"C-2",NA,NA,0.5,0.5,1,1,2001,2002,NA,NA,0.5,0.5,1,1,39,FALSE,37.31451,-75.99662,411690,4130228
"C-3",NA,NA,0.5,0.5,1,1,2001,2002,NA,NA,0.5,0.5,1,1,39,FALSE,37.31735,-75.9881,412448,4130535
"CB1.0",NA,NA,0,0.1,1,1,1990,2019,NA,NA,0,0,1,1,357,FALSE,39.65622,-76.17504,399196,4390261
"CB1.1",4,8.5,3,7,4,8,1990,2019,5,7,4,6,5,7,465,TRUE,39.54794,-76.08481,406792,4378146
"CB2.1",0.8,8,2.8,6,4,7,1990,2019,6,7,5,6,6,7,479,TRUE,39.44149,-76.02599,411711,4366273
"CB2.2",1,14.5,9,13,7,14,1990,2019,11.71,13.5,10,12,7.79999999999999,12,479,TRUE,39.34873,-76.17579,398686,4356135
"CB3.1",8,15.5,7,19,7,15,1990,2019,12.5,14.5,11,13,10,14,480,TRUE,39.2495,-76.2405,392959,4345197
"CB3.2",9,14,8,13,7,14,1990,2019,11.5,13,10,12,9,13,486,TRUE,39.16369,-76.30631,387143,4335754
"CB3.3C",18,27.6,17,26,11,25,1990,2019,24,26,23,24,17,22,496,TRUE,38.99596,-76.35967,382254,4317207
"CB3.3E",6,11,6,9,5,9,1990,2019,8,9,7,8,5,8,366,TRUE,39.00412,-76.34517,383523,4318094
"CB3.3W",5.5,10.5,4,9,5,10,1990,2019,8.5,9.5,7,8,6,9,366,TRUE,39.00462,-76.3881,379807,4318205
"CB4.1C",27,34.5,26,33,16,32,1990,2019,31,34,30,32,19,27,491,TRUE,38.82593,-76.39945,378520,4298390
"CB4.1E",17,26.5,16,25,11,26,1990,2019,22,25.5,21,24,14,22,362,TRUE,38.81809,-76.37144,380938,4297483
"CB4.1W",8,10,7,9,5,10,1990,2019,9,10,8,9,6,9,361,TRUE,38.81498,-76.46272,373008,4297261
"CB4.2C",20.5,29,20,28,13,27,1990,2019,26.5,28.5,25,27,16,24,491,TRUE,38.64618,-76.42127,376316,4278472
"CB4.2E",1,14,6,13,5,11,1990,2019,9,10,8,9,6,10,360,TRUE,38.64498,-76.40131,378051,4278312
"CB4.2W",8,10.5,7,9,6,10,1990,2019,9,10,8,9,6,9,362,TRUE,38.64354,-76.50217,369271,4278291
"CB4.3C",21,29,20,28,13,28,1990,2019,26,28,25,27,16,24,494,TRUE,38.55505,-76.42794,375578,4268368
"CB4.3E",20,25,19,23,12,23,1990,2019,22,23,21,22,14,20,365,TRUE,38.55624,-76.39121,378781,4268451
"CB4.3W",8,11,7,9,6,10,1990,2019,9.5,10.5,8,9,6,10,363,TRUE,38.55728,-76.49402,369824,4268707
"CB4.4",27,33.5,22,32,16,32,1990,2019,30,32.5,28.4,31,18,27,495,TRUE,38.41457,-76.34565,382521,4252671
"CB5.1",16.5,37.2,16,36,6,34,1990,2019,32,36,29.9,34,18,28,540,TRUE,38.3187,-76.29215,387043,4241966
"CB5.1W",8,10.5,7,9,4,6,1990,2019,9,9.61,8,8,4,6,501,TRUE,38.32522,-76.37574,379746,4242795
"CB5.2",27.5,34,23,33,14,31,1990,2019,30,32,29,30,17,26,491,TRUE,38.13705,-76.22787,392395,4221733
"CB5.3",20.5,30,21,29,14,27,1990,2019,26,28,25,26,16,23,459,TRUE,37.91011,-76.17137,397029,4196488
"CB5.4",16,35,1,33,1,33,1990,2019,31,34,29,33,22,31,417,TRUE,37.80013,-76.17466,396586,4184289
"CB5.4W",4,6,3,5,2,5,1990,2019,4,5.19999999999999,3,4.19999999999999,3,4.19999999999999,409,TRUE,37.81347,-76.29467,386041,4185908
"CB5.5",12,24,11,23,11,19,1990,2019,15,20,14,19,14,17,421,TRUE,37.6918,-76.18967,395112,4172286
"CB6.1",10,14,9,13,2,13,1990,2019,12,13,11,12,11,12,435,TRUE,37.58847,-76.16216,397396,4160791
"CB6.2",9,15,8,14,8,14,1990,2019,10,11,9,10,9,10,432,TRUE,37.4868,-76.15633,397772,4149504
"CB6.3",8,17,7,16,7,16,1990,2019,10,13,9,12,9,12,433,TRUE,37.41153,-76.15966,397374,4141157
"CB6.4",7,13,6,12,3,12,1990,2019,9,11,8,10,8,10,442,TRUE,37.23653,-76.20799,392849,4121795
"CB7.1",13,27,12,26,12,22,1990,2019,18,26,17,25,16,20,412,TRUE,37.68346,-75.98966,412737,4171155
"CB7.1N",13,35,12,34,12,30,1990,2019,20,33,19,32,17,24,408,TRUE,37.77513,-75.97466,414165,4181312
"CB7.1S",10,18,9,17,9,16,1990,2019,13,17,12,16,12,16,413,TRUE,37.58124,-76.05799,406584,4159880
"CB7.2",14,24,9,23,9,22,1990,2019,18.4,23,17,22,16,20.6,425,TRUE,37.41153,-76.07966,404454,4141073
"CB7.2E",10,14,9,13,9,13,1990,2019,12,14,11,13,11,13,426,TRUE,37.41153,-76.02466,409322,4141018
"CB7.3",8,17,7,16,1,16,1990,2019,12,15.5,11,14.45,11,14.9,432,TRUE,37.11681,-76.12521,400034,4108422
"CB7.3E",7,28,6,27,6,24,1990,2019,15,22,14,21,14,19,441,TRUE,37.22875,-76.05383,406514,4120769
"CB7.4",8,18,7,17,7,16,1990,2019,13,16,12,15,12,15,431,TRUE,36.9957,-76.02048,409195,4094881
"CB7.4N",7,16,6,15,6,15,1990,2019,10,14.5,9,13.5,9,14,431,TRUE,37.06237,-75.99937,411151,4102258
"CB8.1",7,16,6,15,6,15,1990,2019,8,10,7,9,7,9,442,TRUE,36.99542,-76.16772,396092,4095001
"CB8.1E",12,20,1,19,1,17,1990,2019,14,18,13,17,13,16,429,TRUE,36.94737,-76.03494,407850,4089534
"CCM0069",1.2,3,0,2,1,3,2003,2013,1.9,2.7,0,1,1,1,149,FALSE,38.44167,-75.90556,420972,4255209
"CHE001.58",1.06,2.47,1,2.25,5,10,2016,2018,1.245,2.17,1,2,5,9,26,FALSE,37.11203,-75.97255,413592,4107743
"CHE004.58",1.09,2.85,1,2.75,5,12,2016,2018,1.405,2.4,1.25,2.25,6,10,26,FALSE,37.17631,-75.99165,411970,4114892
"CHE006.36",1.18,2.1,1,2,5,9,2019,2019,1.356,2.1,1.2,1.8,5.8,8.2,9,FALSE,36.92375,-76.05175,406325,4086930
"CHE009.07",1.56,2.5,1.5,2.25,7,10,2019,2019,1.6,2.42,1.5,2.05,7,9.2,9,FALSE,36.91327,-76.10056,401964,4085817
"CHE018.19",4.79,6.29,4,6,4,6,2010,2012,5.318,5.956,5,5,5,5,27,FALSE,37.17682,-76.373,378116,4115370
"CHE018.46",2.01,2.78,2,2.5,9,11,2019,2019,2.242,2.636,2.2,2.5,9.8,11,9,FALSE,37.0837,-76.2715,386989,4104914
"CHE019.38",0.5,2.1,0.5,2,3,8,2006,2017,0.8,1.7,0.75,1.5,4,7,392,FALSE,37.21722,-76.39222,376475,4119877
"CHE019.82",2.47,4.79,2,4,2,10,2016,2018,2.658,4.066,2.15,4,2.6,4,27,FALSE,37.32776,-76.02228,409432,4131724
"CHE027.57",1.24,2.86,1,2.5,4,11,2010,2012,1.472,2.45,1.25,2.1,6,9,27,FALSE,37.3092,-76.2723,387253,4129932
"CHE027.76",3.87,5.9,3,5,3,5,2016,2018,4.046,5.494,4,5,4,5,27,FALSE,37.44776,-75.98625,412764,4145003
"CHE034.01",1.1,2.3,1,2.25,5,10,2016,2018,1.25,2.128,1,2,5,9,27,FALSE,37.52291,-75.95171,415902,4153309
"CHE0348",1,2.7,0.7,2.4,1,5,2003,2006,1.3,2.26,1,2,1,4,96,FALSE,39.2403,-75.9586,417273,4343881
"CHE035.10",1.3,2.12,1.25,2,6,9,2019,2019,1.596,2.072,1.45,2,6.8,9,9,FALSE,37.00755,-76.29974,384363,4096499
"CHE035.60",1.17,2.47,1,2.25,5,10,2010,2012,2.02,2.36,1.75,2.1,7,9.4,27,FALSE,37.42415,-76.24498,389842,4142653
"CHE038.14",1.4,2.51,1.25,2.25,6,10,2019,2019,1.528,2.182,1.25,2.05,6,9.2,9,FALSE,36.95707,-76.25215,388524,4090842
"CHE039.13",1.66,2.61,1.5,2.25,7,10,2016,2018,1.756,2.224,1.75,2.1,8,9.4,27,FALSE,37.58781,-75.93541,417414,4160495
"CHE041.32",2.29,3.01,2,3,7,13,2010,2012,2.34,2.762,2.15,2.5,9,11,27,FALSE,37.50662,-76.27492,387317,4151839
"CHE047.87",3.15,4.79,3,4,3,4,2016,2018,3.65,4.535,3,4,3,4,26,FALSE,37.71793,-75.86656,423627,4174873
"CHE052.90",4.14,5.37,4,5,4,5,2016,2018,4.452,5.134,4,5,4,5,25,FALSE,37.8106,-75.82021,427802,4185118
"CHE055.63",2.3,3.57,2.25,3.5,3,15,2013,2015,2.54,3.105,2.375,3,10,13,26,FALSE,37.69849,-76.29126,386165,4173147
"CHE056.54",1.09,3.01,1,2,5,9,2013,2015,1.47,2.1,1.25,2,6,9,27,FALSE,37.64549,-76.29562,385700,4167271
"CHE061.94",1.1,1.7,1,1.5,5,7,2013,2015,1.172,1.6,1,1.5,5,7,27,FALSE,37.77571,-76.27798,387453,4181699
"CHE063.58",1.6,3.32,1.5,3.25,5,14,2013,2015,1.7,2.692,1.5,2.5,7,11,27,FALSE,37.85352,-76.24205,390732,4190289
"CHE064.25",3.89,5.29,3,5,3,5,2013,2015,4.226,5.104,4,5,4,5,27,FALSE,37.84436,-75.7606,433079,4188819
"CHE065.67",1.22,2.21,1,2,5,9,2013,2015,1.46,2.124,1.25,2,6,9,27,FALSE,37.86394,-75.73718,435157,4190975
"CHE066.00",3.98,4.87,3,4,3,4,2013,2015,4.074,4.758,4,4,4,4,27,FALSE,37.877,-75.80904,428849,4192476
"CHK001.47",1.06,3,1,3,5,13,2006,2008,1.098,2.26,1,2.25,5,10,21,FALSE,37.25432,-76.87118,334057,4124726
"CHK006.14",4.19,5.58,4,5,4,5,2006,2008,4.3,5.09,4,5,4,5,21,FALSE,37.3123,-76.87672,333694,4131169
"CHK008.30",0.66,2.52,1,2.75,5,12,2006,2008,1.09,2.363,1,2.5,5,11,21,FALSE,37.3425,-76.8727,334116,4134512
"CHK015.12",1.2,4.11,1,4,5,17,2006,2008,1.45,3.514,1.275,3.5,6.1,13,62,FALSE,37.37323,-76.89937,331822,4137969
"CHK023.96",2.89,6.43,2.5,6,8,17,2006,2008,4.23,5.47,4,4.5,11,17,21,FALSE,37.40595,-76.93758,328513,4141669
"CHO0367",9.4,13.8,9,13.5,10,15,2006,2008,10.7,13.3,10,13,12,14,21,FALSE,38.7575,-75.9967,413399,4290338
"CHO0417",1.8,5.1,1.5,4.8,3,6,2006,2008,2.2,3.3,1.9,3,4,5,69,FALSE,38.7978,-75.9316,419101,4294750
"CHO0490",1.6,5.3,1.3,5,3,6,2006,2008,1.8,3.8,1.5,3.5,3,6,21,FALSE,38.8506,-75.8497,426267,4300540
"COA000.63",2.04,3.42,2,3,2,10,2007,2009,2.2,2.87,2,2.25,2,3,21,FALSE,37.99002,-76.46122,371687,4205714
"COA004.28",1.84,2.92,1.75,2.75,2,12,2007,2009,2.04,2.74,2,2.5,8,11,21,FALSE,37.955,-76.48378,369644,4201860
"COC001.57",1.08,2.85,1,2.75,5,12,2013,2015,1.146,2.436,1,2.25,5,10,27,FALSE,37.83912,-76.2799,387380,4188737
"COR0056",0.6,1.7,0.5,1.4,1,3,2006,2016,0.8,1.3,0.5,1,1,2,77,FALSE,39.0558,-76.0718,407262,4323515
"CRR000.79",1.31,3,1.25,2.75,6,11,2007,2009,1.51,2.44,1.5,2.25,6,10,21,FALSE,37.6573,-76.48955,368611,4168836
"CRR003.38",5.88,7.36,5,7,5,7,2007,2009,6.26,7.08,6,7,6,7,21,FALSE,37.68842,-76.47442,370000,4172268
"CRR004.02",1,3.42,0.75,3.5,4,15,2007,2009,1.12,2,1,1.75,5,8,86,FALSE,37.69735,-76.46817,370567,4173250
"CRS001.80",0.75,153,0.75,1.75,4,8,2016,2018,1.1,1.75,1,1.5,5,7,84,FALSE,37.30396,-76.01815,409770,4129079
"CRS003.83",0.7,1.31,0.5,1,3,5,2016,2018,0.8,1.1,0.75,1,4,5,27,FALSE,37.32686,-75.98868,412408,4131592
"CS-3",NA,NA,0.5,0.5,1,1,2001,2001,NA,NA,0.5,0.5,1,1,4,FALSE,37.7457,-75.76717,432412,4177877
"CSX000.55",1.37,2.29,1,2.25,5,10,2016,2018,1.584,2.214,1.4,2,6.6,9,27,FALSE,37.76188,-75.77816,431458,4179681
"CTM003.69",1.45,2.2,1.5,2,7,9,2007,2009,1.57,2.19,1.5,2,7,9,21,FALSE,37.72887,-76.42558,374375,4176689
"CTO004.91",1.33,1.9,1.25,1.75,6,8,2007,2009,1.34,1.88,1.25,1.75,6,8,21,FALSE,37.74677,-76.50003,367845,4178778
"CTT0001",2.6,4,1,3.7,1,7,2003,2003,2.8,3.74,1,3.4,1,5,36,FALSE,39.08497,-76.52428,368164,4327311
"CUR0007",3.7,8.7,3.4,8.4,5,10,2009,2011,4.3,7.1,4,6.8,5,8,21,FALSE,39.20755,-76.57975,363603,4340997
"DEP000.60",1.55,2.38,1.25,2.25,6,10,2016,2018,1.66,2.205,1.5,2,7,9,26,FALSE,37.78065,-75.74891,434051,4181742
"DIV000.41",0.8,3,0.25,2,2,9,2013,2015,1,1.6,0.75,1.5,4,7,90,FALSE,37.73362,-76.32336,383390,4177084
"DRN010.53",0.68,2.1,0.5,2,3,9,2004,2006,0.96,1.84,0.75,1.75,4,8,59,FALSE,37.63422,-76.6964,350318,4166585
"DYE000.80",0.3,1.6,0.1,1.25,1,6,2010,2012,0.8,1.344,0.75,1.25,4,6,87,FALSE,37.33817,-76.28293,386354,4133159
"DYM000.93",3.74,5.2,3,5,3,5,2013,2015,4.1,4.635,4,4,4,4,26,FALSE,37.66996,-76.34563,381326,4170049
"EBB01",5,9,0.3,8,1,8,1998,2019,6,8,5,7,3,7,240,FALSE,36.83611,-76.24444,389034,4077414
"EBE1",5,13,4,12,4,12,1990,2019,7,9.25,6,8.25,6,8.5,326,TRUE,36.8407,-76.28911,385058,4077976
"EBE1-E",8,9,7,8,7,8,2001,2001,8,8.8,7,7.8,7,7.8,3,FALSE,36.84087,-76.28538,385391,4077990
"EBL000.00",1.2,1.88,1,1.75,5,8,2019,2019,1.328,1.816,1,1.75,5,8,9,FALSE,36.88651,-76.0746,404243,4082822
"EBL002.52",0.91,1.96,0.75,1.75,4,8,2019,2019,0.982,1.832,0.95,1.75,4.8,8,9,FALSE,36.8553,-76.0627,405265,4079348
"EE1.1",8.4,15,7.4,13,7,14,1990,2019,12,13.5,11,12.28,10.2,14,443,TRUE,38.88,-76.2515,391445,4304204
"EE2.1",6.4,17.8,5.4,9,5,10,1990,2019,7.3,8.3,6.3,7.2,7,8,440,TRUE,38.6549,-76.2643,389990,4279239
"EE2.2",7.2,15,0.5,14,1,15,1990,2019,11.04,14,10,12.7,8,14,437,TRUE,38.52609,-76.30408,386325,4264994
"EE3.0",4.8,9.2,3.8,8.2,5,9,1990,2019,6.5,7.96,5.3,6.9,6.39999999999999,8,365,TRUE,38.28093,-76.01033,411634,4237468
"EE3.1",10.5,14.6,0.5,13.6,1,15,1990,2019,11.5,13.9,10.5,12.8,11,14,406,TRUE,38.19685,-75.97321,414782,4228103
"EE3.2",24,29.6,0.5,28.6,1,28,1990,2019,26.25,28.5,25.1,27.35,16,18,396,TRUE,37.98139,-75.92423,418833,4204153
"EE3.3",3,5,2,3.8,3,5,1990,2019,3.5,4.4,2.5,3.3,4,5,359,TRUE,37.91455,-75.80148,429550,4196637
"EE3.4",3,8,2,7,2,7,1990,2019,4,5,3,4,3,4,385,TRUE,37.90846,-75.79132,430437,4195953
"EE3.5",9,30,8,29,8,27,1990,2019,22.2,28,21,27,19,25,413,TRUE,37.79652,-75.84438,425660,4183574
"ELD01",5,9,0.3,8,1,8,1998,2019,6,8,5,7,3,6,244,FALSE,36.86556,-76.32899,381540,4080782
"ELE01",4,17,0.3,16,1,16,1998,2019,8,15,7,14,4,14,250,FALSE,36.84833,-76.29806,384271,4078833
"ELI2",5,16,4,15,4,15,1990,2019,12,15,11,14,11,14,317,TRUE,36.88237,-76.33883,380689,4082660
"EST002.35",1.1,1.95,1,1.75,5,8,2010,2012,1.196,1.766,1,1.6,5,7.4,27,FALSE,37.40173,-76.34297,381136,4140285
"ET1.1",0.5,4,0.5,3,1,6,1990,2019,2.4,3.4,1.4,2.5,3,4,340,TRUE,39.56976,-75.96782,416870,4380453
"ET10.1",3.4,8.5,0,7.5,1,9,1990,2019,4.7,7,3.6,6,5,7,355,TRUE,38.07614,-75.57125,449897,4214417
"ET2.1",2.2,15.6,1.2,14.6,2,16,1990,2019,12.5,14.4,11.48,13.2,8,14,349,TRUE,39.5293,-75.81135,430269,4375830
"ET2.2",1.7,4.9,0,3.9,1,5,1990,2019,2.4,3.4,1.5,2.5,3,4,345,TRUE,39.46704,-75.87368,424845,4368970
"ET2.3",9.3,14.6,8.3,13.6,7,15,1990,2019,11.9,13.1,10.98,12.2,8,13,359,TRUE,39.50873,-75.89783,422814,4373618
"ET3.1",3,8.6,2,7.6,2,9,1990,2019,5.1,7.2,4.1,6.2,5,7,357,TRUE,39.36415,-75.88203,424015,4357558
"ET4.1",1,7.1,0,6.1,1,8,1990,2019,4.6,6.4,3.7,5.4,5,7,450,TRUE,39.2437,-75.9249,420186,4344228
"ET4.2",8,20.8,7,19.8,8,21,1990,2019,12,16,11.01,15,11,16,452,TRUE,38.99233,-76.2151,394769,4316627
"ET5.1",0.8,13,0,12,1,13,1990,2019,3,10.5,1.22,9.4,3,11,482,TRUE,38.80645,-75.90971,421011,4295691
"ET5.2",2.9,14.9,1.9,13.9,3,15,1990,2019,10,13.4,9,12,10,13,504,TRUE,38.5807,-76.0587,407785,4270779
"ET6.1",3.7,7.4,2.7,6.4,2,8,1990,2019,4.5,5.7,3.5,4.6,5,6,358,TRUE,38.54833,-75.70306,438735,4266890
"ET6.2",2.5,5,1.5,4.5,3,6,1990,2019,3.3,4.5,2.3,3.4,4,5,364,TRUE,38.34133,-75.88834,422368,4244060
"ET7.1",0.5,9.5,0,8.5,1,10,1990,2019,3,9,1,7.8,2,9,355,TRUE,38.26783,-75.78793,431073,4235825
"ET8.1",3.3,6.6,2.3,5.7,4,7,1990,2019,4.5,6,3.5,5,5,6,366,TRUE,38.13794,-75.81411,428656,4221432
"ET9.1",3.5,6.4,2.5,6.1,4,8,1990,2019,4.6,5.7,3.6,4.8,5,6,372,TRUE,38.055,-75.80167,429667,4212220
"FRG0002",0.8,3.8,0.5,3.5,1,6,2003,2005,1,3.1,0.72,2.79,1,5,82,FALSE,39.3136,-76.40628,378764,4352520
"FRG0018",1,2.7,0.5,2.5,1,5,2003,2006,1.5,2.5,0.9,2.2,2,5,31,FALSE,39.33305,-76.40514,378896,4354677
"GBO0013",0.5,2.3,0.5,2,1,4,2007,2009,0.7,1.5,0.5,1.2,1,2,21,FALSE,39.4637,-75.8383,427885,4368571
"GWR003.54",1.13,3.85,1,3.75,5,16,2013,2015,1.38,3.29,1.25,3,6,13,27,FALSE,37.85067,-76.34405,381754,4190097
"GWR007.7",1.51,2.24,1.5,2,4,9,2013,2015,1.728,2.18,1.5,2,7,9,27,FALSE,37.86769,-76.39854,376988,4192056
"GYI0001",1.8,3.8,1.5,3.5,3,6,2003,2006,2.76,3.64,2.46,3.34,4,5.4,27,FALSE,39.09,-76.2003,396194,4327449
"H-1",NA,NA,0.5,0.5,1,1,2001,2002,NA,NA,0.5,0.5,1,1,29,FALSE,37.40875,-75.97072,414092,4140660
"H-1A",NA,NA,0.5,0.5,1,1,2001,2001,NA,NA,0.5,0.5,1,1,1,FALSE,37.408,-75.97477,413733,4140580
"H-2",NA,NA,0.5,0.5,1,1,2001,2002,NA,NA,0.5,0.5,1,1,30,FALSE,37.41603,-75.96103,414958,4141458
"H-3",NA,NA,0.5,0.5,1,1,2001,2002,NA,NA,0.5,0.5,1,1,30,FALSE,37.42666,-75.94971,415972,4142628
"HAH001.02",0.3,1.6,0.25,1.25,2,6,2010,2012,0.8,1.4,0.5,1.25,3,6,87,FALSE,37.36393,-76.28172,386500,4136016
"HOK0005",0.8,2.1,0.5,1.8,1,4,2003,2006,1.26,2,0.5,1.62,1,3.2,29,FALSE,38.1889,-76.2653,389193,4227530
"HUG000.87",0.7,2.4,0.5,2.25,3,10,2016,2018,1,1.75,1,1.75,5,8,85,FALSE,37.40961,-75.96733,414393,4140753
"HUG003.43",0.6,1.59,0.5,1.25,3,6,2016,2018,0.82,1.356,0.75,1.25,4,6,27,FALSE,37.43458,-75.94091,416759,4143499
"HUN001.29",0.4,1.6,0.1,1.25,1,6,2013,2015,0.65,1.38,0.5,1.25,3,6,85,FALSE,37.79062,-75.70774,437685,4182820
"IH1",0.85,6.1,0.85,6.1,1,1,2000,2004,1,2.665,1,2.665,1,1,46,FALSE,38.58559,-77.19213,309066,4273069
"IH2",0.9,6.5,0.9,6.5,1,1,2000,2004,1.1,4.216,1.1,4.216,1,1,45,FALSE,38.5532,-77.20348,307991,4269498
"IH3",0.9,7.3,0.9,7.3,1,1,2000,2004,1.15,2.1,1.15,2.1,1,1,46,FALSE,38.53721,-77.24408,304410,4267809
"IH4",0.7,6.5,0.7,6.5,1,1,2000,2004,0.99,2.8,0.99,2.75,1,1,46,FALSE,38.56913,-77.17987,310091,4271217
"IH5",0.6,6.6,0,6.6,1,1,2000,2004,0.925,2.6,0.9,2.6,1,1,46,FALSE,38.54966,-77.23917,304872,4269180
"IH6",0.5,4.5,0.5,4.5,1,1,2000,2004,0.61,2.31,0.61,2.31,1,1,42,FALSE,38.54455,-77.2346,305256,4268603
"IND000.02",1,2.85,0.75,2.75,4,12,2013,2015,1.1,2.35,1,2.25,5,10,89,FALSE,37.67835,-76.32758,382932,4170957
"INN001.43",5.1,5.82,5,5,5,5,2013,2015,5.15,5.61,5,5,5,5,27,FALSE,37.81339,-76.29426,386077,4185899
"INN002.24",0.65,97,0.5,1.5,3,7,2013,2015,0.85,1.391,0.75,1.25,4,6,90,FALSE,37.81786,-76.30802,384873,4186412
"JMS002.55",0.6,1.9,0.5,1.75,3,8,2006,2008,0.755,1.4,0.75,1.25,4,6,62,FALSE,36.99667,-76.37698,377473,4095389
"JMS017.96",0.8,2.5,0.75,1.75,4,8,2012,2013,0.935,1.9,0.75,1.575,4,7.3,48,FALSE,37.04883,-76.5045,366216,4101347
"JMS018.23",0.5,1.9,0.5,1.75,3,8,2006,2008,0.85,1.5,0.75,1.25,4,6,62,FALSE,37.05323,-76.50992,365742,4101843
"JMS032.59",8.11,13.4,2.5,12,5,12,2006,2013,9.37,12.24,9,11.8,9,11.8,53,FALSE,37.20297,-76.64833,353723,4118661
"JMS042.92",8.74,13.5,1.75,12,8,12,2006,2013,8.992,10.9,8.2,10,8.2,10,53,FALSE,37.20294,-76.78219,341843,4118873
"JMS043.78",0.3,2.54,0.25,7,2,11,2006,2013,0.6,1.686,0.5,1.5,3,7,109,FALSE,37.22775,-76.79147,341071,4121641
"JMS048.03",1.77,6.22,1.5,4.5,7,17,2006,2013,1.874,3.698,1.75,3.4,8,13,53,FALSE,37.2398,-76.87915,333319,4123129
"JMS050.74",1.04,6.78,1,4,5,14,2006,2013,1.29,2.326,1.25,2.25,6,9.8,53,FALSE,37.21335,-76.9173,329875,4120262
"JMS055.94",10.2,14,9,14,9,13,2006,2008,10.2,13,9,13,9,10,21,FALSE,37.27272,-76.99057,323511,4126983
"JMS062.82",1.01,4.23,1,4,5,17,2006,2008,1.373,3.349,1.25,3.45,6,11.9,22,FALSE,37.27512,-77.05833,317509,4127378
"JMS069.08",6.37,10.3,6,10,6,10,2006,2008,6.5,9.82,6,9,6,9,21,FALSE,37.30165,-77.1284,311362,4130460
"JMS073.37",1,3.2,0.75,3,4,13,2006,2008,1.476,2.86,1.5,2.5,6.4,11,65,FALSE,37.3252,-77.2044,304686,4133227
"JMS075.04",8.86,10.9,6,10,6,10,2006,2008,9.46,10.5,9,10,9,10,21,FALSE,37.31265,-77.23283,302134,4131894
"JMS082.49",0.81,5.69,1,4,5,17,2006,2008,1.068,3.508,1.025,3.5,5.1,11,22,FALSE,37.38199,-77.25069,300735,4139625
"JMS094.45",0.69,8.46,0.75,4,4,16,2006,2008,1.001,4.385,1,4,5,12.9,22,FALSE,37.3789,-77.34747,292156,4139491
"JMS099.00",0.92,8.4,0.75,4,4,17,2006,2008,1.294,3.87700000000001,1.25,2.825,6,10.3,58,FALSE,37.40098,-77.387,288718,4142029
"JMS104.16",2.23,10.3,5,10,5,10,2006,2008,6.496,9.777,7,9.9,7,9.9,22,FALSE,37.45,-77.41883,286040,4147541
"JMS109.62",0.75,2.01,0.75,2,4,9,2006,2008,0.883,1.675,1,1.5,5,7,22,FALSE,37.52645,-77.41303,286770,4156011
"KNG01",NA,NA,0.1,0.1,1,1,1990,2012,NA,NA,0.1,0.1,1,1,218,FALSE,38.89039,-76.94414,331387,4306409
"KNG02",NA,NA,0.1,0.2,1,1,1992,2012,NA,NA,0.1,0.1,1,1,193,FALSE,38.89761,-76.96581,329524,4307251
"LAF1",4.5,6.5,3.5,5.5,4,6,1990,1990,5,6.25,4,5.25,4.5,5.5,6,FALSE,36.9057,-76.30578,383670,4085207
"LBO0010",0.6,1.3,0.5,1,1,2,2007,2009,0.6,1.1,0.5,0.8,1,2,21,FALSE,39.4484,-75.8449,427302,4366878
"LCC000.14",1.25,4.48,1.25,3,6,13,2019,2019,1.655,3.426,1.5,2.75,7,12,28,FALSE,36.92799,-76.1794,394960,4087534
"LCC000.28",1.31,2.02,1.25,2,6,9,2019,2019,1.342,1.924,1.25,1.8,6,8.2,9,FALSE,36.92871,-76.20969,392264,4087647
"LE1.1",6.4,13,0.5,12,1,11,1990,2019,12,12.5,11,11,5,7,531,TRUE,38.42535,-76.60176,360181,4254225
"LE1.2",9.4,19,8.4,18,5,9,1990,2019,16.97,17.5,15,16,6,9,508,TRUE,38.37887,-76.51132,367992,4248933
"LE1.3",0.5,26,0.5,25.5,1,15,1990,2019,23,24,22,23,8,11,539,TRUE,38.3398,-76.4849,370230,4244560
"LE1.4",13,18,0.5,17,1,16,1990,2019,15,17,14,16,6,8,529,TRUE,38.312,-76.42151,375722,4241388
"LE2.2",9,16,7,14.7,9,16,1990,2019,10.6,14,9.7,12.8,11,14,526,TRUE,38.1576,-76.598,359996,4224507
"LE2.3",16.3,22,2,21,4,21,1990,2019,19,21,18,20,12,19,491,TRUE,38.0215,-76.3477,381707,4209057
"LE3.1",5,11,3,11,2,10,1990,2019,6,8,6,7,4,6,358,TRUE,37.75925,-76.61592,357659,4180333
"LE3.2",4,17,3,16,2,15,1990,2019,12,16,11,15,7,14,359,TRUE,37.66914,-76.55047,363259,4170237
"LE3.2N",NA,NA,1,1,1,1,1994,1994,NA,NA,1,1,1,1,12,FALSE,37.66736,-76.54079,364109,4170025
"LE3.2S",NA,NA,1,1,1,1,1994,1994,NA,NA,1,1,1,1,12,FALSE,37.64708,-76.56995,361500,4167818
"LE3.3",3,9,2,8,2,8,1990,2019,5,7,5,6,3,5,359,TRUE,37.68842,-76.47442,370000,4172268
"LE3.4",8,22,3,22,2,20,1990,2019,10,17,9,17,6,13,361,TRUE,37.63189,-76.44486,372510,4165955
"LE3.6",7,13,6,12,6,12,1990,2019,9,10,8,9,8,9,437,TRUE,37.5968,-76.28467,386592,4161856
"LE3.6N",3,5,2,4,1,4,1994,1995,3,5,2,4,2,4,13,FALSE,37.6068,-76.283,386754,4162963
"LE3.6S",3,5,2,4,2,4,1994,1995,4,4.8,3,3.8,2.2,3.8,13,FALSE,37.57263,-76.293,385819,4159184
"LE3.7",4,8,3,7,3,7,1990,2019,6,8,5,7,5,7,433,TRUE,37.53069,-76.30661,384553,4154548
"LE4.1",5,12,5,11,3,11,1990,2019,8,11,8,10,5,9,353,TRUE,37.41883,-76.69125,350342,4142678
"LE4.2",7,20,6,19,4,19,1990,2019,10,18,10,18,6,17,353,TRUE,37.29044,-76.57811,360117,4128259
"LE4.2N",NA,NA,1,1,1,1,1994,1994,NA,NA,1,1,1,1,12,FALSE,37.29542,-76.55856,361859,4128783
"LE4.2S",NA,NA,1,1,1,1,1994,1994,NA,NA,1,1,1,1,12,FALSE,37.27515,-76.57857,360048,4126564
"LE4.3",9,22,9,22,5,19,1990,2019,13,19,12,19,7,13,352,TRUE,37.23392,-76.43094,373068,4121781
"LE4.3N",NA,NA,1,1,1,1,1994,1994,NA,NA,1,1,1,1,12,FALSE,37.25348,-76.43912,372375,4123962
"LE4.3S",NA,NA,1,1,1,1,1994,1994,NA,NA,1,1,1,1,12,FALSE,37.22348,-76.43245,372916,4120625
"LE5.1",4,15,4,15,3,12,1990,2019,7,13,7,12,4,11,364,TRUE,37.20297,-76.64833,353723,4118661
"LE5.2",5,11,5,10,3,10,1990,2019,8,10,7,9,4,9,367,TRUE,37.056,-76.59306,358354,4102271
"LE5.2N",NA,NA,1,1,1,1,1994,1994,NA,NA,1,1,1,1,11,FALSE,37.08431,-76.57385,360114,4105383
"LE5.2S",NA,NA,1,1,1,1,1994,1994,NA,NA,1,1,1,1,11,FALSE,37.03626,-76.60496,357259,4100099
"LE5.3",4,11,4,10,3,8,1990,2019,6,8,5,7,4,6,367,TRUE,36.99044,-76.47544,368700,4094829
"LE5.4",6,18,6,18,4,17,1990,2019,15,18,15,17,8,16,367,TRUE,36.95486,-76.39275,376001,4090770
"LE5.5",12,28,11,27,11,21,1990,1996,16.3,24,15.3,23,15.6,19,117,TRUE,36.99681,-76.303,384056,4095311
"LE5.5-W",4,17,3,16,1,16,1996,2019,6,11,5,10,5,10,329,TRUE,36.99903,-76.31328,383145,4095570
"LE5.5A",2,4,1,3,1,3,1994,1994,3,4,2,3,2,3,12,FALSE,36.9818,-76.2905,385146,4093631
"LE5.5B",2,3,1,13,1,2,1994,1994,2,2,1,1.9,1,1.9,12,FALSE,36.97458,-76.28966,385210,4092829
"LE5.6",6,18,5,18,4,16,1990,2019,14,16,14,16,8,15,355,TRUE,36.90456,-76.33836,380766,4085121
"LFA01",3,5,0.3,4,1,4,1998,2019,4,5,3,4,2,3,246,FALSE,36.9082,-76.3146,382888,4085495
"LFB01",3,6,0.3,5,1,4,1998,2019,4,5,3,4,2,3,243,FALSE,36.8894,-76.28144,385814,4083369
"LGC003.64",0.75,1.9,0.75,1.75,4,8,2019,2019,1.07,1.715,1,1.5,5,7,28,FALSE,37.05573,-76.28859,385427,4101831
"LIS001.23",1.55,2.35,1.25,2,5,9,2013,2015,1.626,2.1,1.4,2,6,9,27,FALSE,37.89288,-76.25698,389477,4194674
"LIS003.84",1.2,2.6,1,2.5,5,11,2013,2015,1.89,2.388,1.75,2.25,8,10,27,FALSE,37.89401,-76.29806,385867,4194849
"LKN001.38",1.03,2.2,0.75,2,4,9,2019,2019,1.29,2.056,1.25,1.8,6,8.2,29,FALSE,36.87723,-76.00868,410105,4081729
"LKN003.25",0.63,2.3,0.5,2.25,3,10,2019,2019,0.886,2.3,0.7,2.25,3.8,10,9,FALSE,36.85904,-76.0083,410119,4079710
"LMN0028",0.7,2,0.4,1.7,1,3,2006,2019,1,1.7,0.669999999999999,1.4,1,3,158,FALSE,38.20855,-75.80458,429559,4229260
"LOW003.42",1.96,2.66,1.75,2.5,8,11,2007,2009,2.22,2.63,2,2.5,9,11,21,FALSE,38.11082,-76.64082,356152,4219382
"LYN001.98",1.41,2.7,1.25,2.5,6,11,2019,2019,1.53,2.54,1.45,2.3,6.8,10.2,9,FALSE,36.89796,-76.08519,403313,4084103
"MAO001.05",1.51,2.8,1.5,2.5,7,10,2007,2009,1.64,2.229,1.5,2,7,9,22,FALSE,38.21255,-76.97378,327200,4231239
"MAT0016",3.4,8.3,0.5,7.9,1,8,1990,2019,5.9,7.7,4.9,6.8,2,2,512,TRUE,38.56508,-77.19345,308897,4270795
"MAT0078",2,4.4,0,0.1,1,1,1990,2019,2.24,3.84,0,0,1,1,509,TRUE,38.58852,-77.11865,315475,4273244
"MDR0002",3.2,3.6,2.9,3.3,4,6,2003,2003,3.26,3.6,2.96,3.3,4,5.4,7,FALSE,39.2935,-76.3856,380513,4350262
"MDR0028",1.5,3.3,1.2,3,2,5,2003,2004,2.72,3.28,1.76,2.84,3,5,13,FALSE,39.3145,-76.42478,377171,4352645
"MDR0038",1.3,3.2,1,2.3,1,5,2003,2006,1.3,2.44,1,2.1,1,4,67,FALSE,39.3145,-76.42478,377171,4352645
"MES001.26",1.11,2.4,1,2.25,5,10,2013,2015,1.316,2.07,1.25,2,6,9,27,FALSE,37.90179,-75.68497,439780,4195139
"MIL000.93",0.83,2.3,0.75,2,4,9,2013,2015,1.074,1.958,1,1.75,5,8,27,FALSE,37.79439,-76.32333,383488,4183827
"MJB003.07",5.71,6.83,5,6,5,6,2010,2012,5.974,6.656,5,6,5,6,27,FALSE,37.31181,-76.34634,380695,4130313
"MJB004.30",5.1,6.88,4,6,4,6,2010,2012,5.548,6.732,5,6,5,6,27,FALSE,37.32493,-76.39478,376424,4131831
"MJB005.46",0.1,1.78,0.1,1.75,1,8,2010,2012,0.35,1.365,0.25,1.25,2,6,86,FALSE,37.3579,-76.33277,381970,4135409
"MNK0146",2.3,5.7,1.4,5.2,3,6,2003,2013,3.1,5.4,2.59,4.5,4,6,120,FALSE,38.175,-75.72361,436619,4225479
"MOB006.12",1.29,3.54,1.25,3,6,13,2005,2008,1.556,3.044,1.4,2.75,6.6,11.4,27,FALSE,37.25818,-76.38902,376826,4124417
"MON000.18",0.97,2.4,1,2.25,5,10,2007,2009,1.297,2,1.25,1.775,6,8.10000000000001,90,FALSE,38.23197,-76.96372,328127,4233376
"MPN001.65",0.67,1.41,0.75,1.75,4,8,2005,2005,0.736,1.386,0.9,1.6,4.6,7.4,7,FALSE,37.53783,-76.78458,342333,4156034
"MPN005.04",1,3.39,0.5,3.75,3,12,2005,2005,1.982,3.044,0.9,2.5,4.6,11,24,FALSE,37.57552,-76.79768,341256,4160238
"MPN008.12",1.98,3.1,0.5,3.5,3,12,2005,2005,1.992,2.962,0.65,3.05,3.6,12,7,FALSE,37.60152,-76.82035,339310,4163162
"MPN011.97",1.45,5.4,1.25,2.25,6,10,2005,2005,2.08,5.364,1.4,2.1,6.6,9.4,7,FALSE,37.61688,-76.86425,335468,4164942
"MPN016.28",0.61,2.73,0.5,2.25,3,10,2005,2005,0.844,2.028,0.65,2.1,3.6,9.4,7,FALSE,37.65687,-76.88465,333757,4169415
"MPN018.70",1.04,3.11,1.25,3,6,11,2005,2005,1.262,2.984,1.4,2.4,6.6,9.8,7,FALSE,37.66633,-76.90628,331870,4170504
"MPN021.95",0.97,2.26,0.5,2.25,3,9,2005,2005,0.982,1.732,0.95,1.95,4.8,7.8,7,FALSE,37.68863,-76.93535,329357,4173031
"MPN024.65",0.97,4.6,1,4,5,11,2005,2005,1.402,3.85,1.15,2.8,5.6,9.8,7,FALSE,37.70242,-76.9715,326201,4174627
"MPN028.86",0.85,3.61,0.75,4,4,13,2005,2005,0.942,2.937,1,3.225,5,11.8,22,FALSE,37.72288,-77.01959,322010,4176988
"MPN031.95",0.89,3.65,0.75,3.5,4,13,2005,2005,1.844,3.632,0.9,2.6,4.6,10.6,7,FALSE,37.74999,-77.07198,317459,4180097
"MTI0015",0.2,1.6,0.1,1.3,1,3,2003,2019,0.5,1.1,0.2,0.8,1,2,309,FALSE,38.74332,-76.70744,351612,4289677
"MUD000.00",0.85,11.53,0.75,2,4,9,2013,2015,1.23,1.812,1,1.6,5,7.4,27,FALSE,37.85362,-75.67551,440573,4189789
"MZC0016",2.5,3.1,1,2.8,1,6,2015,2018,2.78,3.01,1,2.7,1,6,21,FALSE,38.82572,-75.8385,427215,4297771
"NAN001.09",0.75,1.55,0.75,1.5,4,7,2016,2018,1,1.5,1,1.25,5,6,27,FALSE,37.62936,-75.88533,421880,4165062
"NAN003.58",0.89,1.78,0.5,1.75,3,8,2016,2018,1.03,1.536,1,1.5,5,7,27,FALSE,37.63271,-75.84446,425489,4165401
"NOM000.81",5,6.31,5,6,5,6,2007,2009,5.63,6.17,5,6,5,6,21,FALSE,38.15818,-76.71787,349494,4224759
"NOM0007",0.6,2.1,0.5,1.5,1,3,2003,2006,0.8,1.71,0.5,1.4,1,3,30,FALSE,39.30127,-76.43044,376660,4351185
"NOM002.36",0.4,3.41,0.25,3.5,2,10,2007,2009,0.7,1.52,0.5,1.475,3,6.90000000000001,82,FALSE,38.1316,-76.71618,349588,4221807
"NOM004.69",1.98,2.5,2,2.5,9,11,2007,2009,2.04,2.49,2,2.25,9,10,21,FALSE,38.10398,-76.71592,349554,4218742
"NOR000.63",1,2.84,1,2.75,5,12,2010,2012,1.1,1.962,1,1.75,5,8,27,FALSE,37.42075,-76.44422,372206,4142528
"NOR004.81",0.75,3,0.75,2.75,4,12,2010,2012,0.95,1.472,0.75,1.35,4,6.4,27,FALSE,37.38733,-76.39373,376620,4138752
"NSS001.78",0.6,4.58,0.5,3.75,3,16,2016,2018,0.9,3.973,0.75,1.925,4,8.7,84,FALSE,37.4775,-75.93441,417381,4148255
"NSS003.43",1.05,1.9,1,1.75,5,8,2016,2018,1.2,1.638,1,1.5,5,7,27,FALSE,37.51276,-75.90515,420007,4152143
"OC-3",NA,NA,0.5,0.5,1,1,2001,2001,NA,NA,0.5,0.5,1,1,4,FALSE,37.5528,-75.84302,425537,4156533
"OCH001.60",1.05,2.45,1,2.25,5,10,2016,2018,1.305,2.15,1.25,2,6,9,82,FALSE,37.55641,-75.91551,419137,4156994
"OCH006.02",1,2.56,1,2.5,5,11,2016,2018,1.102,2.258,1,2.25,5,10,27,FALSE,37.55613,-75.84143,425681,4156902
"OCN002.78",0.5,1.9,0.25,1.75,2,8,2016,2018,0.7,1.7,0.5,1.5,3,7,82,FALSE,37.72368,-75.7886,430504,4175450
"OCN004.73",1.25,2.85,1.25,2.5,6,11,2016,2018,1.518,2.124,1.5,2,6.6,9,27,FALSE,37.71218,-75.7633,432723,4174156
"ON-3",NA,NA,0.5,0.5,1,1,2001,2001,NA,NA,0.5,0.5,1,1,4,FALSE,37.71208,-75.7624,432801,4174143
"OP-1",NA,NA,0.5,0.5,1,1,2001,2002,NA,NA,0.5,0.5,1,1,31,FALSE,37.23292,-76.00934,410466,4121188
"OP-2",NA,NA,0.5,0.5,1,1,2001,2002,NA,NA,0.5,0.5,1,1,31,FALSE,37.2396,-75.99602,411655,4121917
"OP-3",NA,NA,0.5,0.5,1,1,2001,2002,NA,NA,0.5,0.5,1,1,31,FALSE,37.25167,-75.99105,412110,4123251
"OPC000.00",0.74,1.7,0.5,1.5,3,7,2016,2018,0.835,1.405,0.75,1.25,4,6,26,FALSE,37.2313,-76.01421,410032,4121014
"PIS0033",1,1,0,0.1,1,1,1990,2019,1,1,0,0,1,1,508,TRUE,38.69842,-76.98673,327230,4285183
"PKS000.24",4,5.39,4,5,4,5,2013,2015,4.606,5.332,4,5,4,5,27,FALSE,37.90987,-75.78915,430629,4196108
"PKS003.92",0.83,2.96,0.75,2.5,4,11,2013,2015,1.238,2.064,1.15,2,5,9,27,FALSE,37.93178,-75.72792,436030,4198495
"PKS008.81",0.2,10,0.1,1.25,1,6,2013,2015,0.5,1.2,0.25,1,2,5,83,FALSE,37.93561,-75.65189,442715,4198871
"PMK001.29",0.51,4.1,0.5,4,3,14,2005,2005,0.72,3.638,0.65,3.25,3.6,12.8,7,FALSE,37.53772,-76.81248,339868,4156069
"PMK006.16",1.2,3.25,0.5,3,3,11,2005,2005,1.698,3.106,0.65,3,3.6,11,7,FALSE,37.52592,-76.86558,335150,4154852
"PMK008.92",2.6,4.02,1.25,4,6,13,2005,2005,2.85,3.77,1.375,3.625,6.5,12.5,6,FALSE,37.55988,-76.86092,335637,4158612
"PMK012.18",0.1,4.02,0.1,4,1,12,2005,2017,0.7,1.77,0.5,1.5,3,7,347,FALSE,37.57138,-76.88424,333602,4159929
"PMK018.13",1.66,2.35,1.5,2.5,7,11,2005,2005,1.732,2.302,1.65,2.5,7,9.2,7,FALSE,37.56502,-76.92776,329744,4159301
"PMK023.69",1.31,3.45,1.5,3,6,13,2005,2005,1.316,3.084,1.5,2.7,6.6,11.2,7,FALSE,37.55267,-76.95792,327052,4157986
"PMK034.00",0.52,2.8,0.5,3,3,13,2005,2017,1.28,2.3,1,2,5,9,317,FALSE,37.57678,-77.02345,321320,4160784
"PMK037.34",0.75,4.33,1,3.5,4,13,2005,2005,0.966,3.964,1,3.5,4.6,13,7,FALSE,37.59652,-77.08155,316238,4163086
"PMK041.30",1.14,3.6,0.75,3.5,4,12,2005,2005,1.356,3.444,1.2,3.2,5.2,11.4,7,FALSE,37.62647,-77.12397,312568,4166493
"PMK047.41",0.81,3.33,2,3.5,6,14,2005,2005,1.782,3.306,2.3,3.35,7.2,12.2,7,FALSE,37.66875,-77.1414,311137,4171220
"PMS01",NA,NA,0.1,8,1,9,1990,2012,NA,NA,0.1,5,1,6,238,FALSE,38.91789,-77.1047,317531,4309770
"PMS03",NA,NA,0.1,0.1,1,1,1990,1997,NA,NA,0.1,0.1,1,1,73,FALSE,38.91122,-77.09998,317923,4309021
"PMS05",NA,NA,0.1,0.1,1,1,1990,1997,NA,NA,0.1,0.1,1,1,74,FALSE,38.9065,-77.0922,318585,4308481
"PMS07",NA,NA,0.1,7,1,2,1990,1997,NA,NA,0.1,0.1,1,1,75,FALSE,38.90372,-77.08387,319301,4308156
"PMS08",NA,NA,0.1,0.1,1,1,1990,1997,NA,NA,0.1,0.1,1,1,73,FALSE,38.90345,-77.07942,319686,4308117
"PMS09",NA,NA,0.1,0.1,1,1,1990,1997,NA,NA,0.1,0.1,1,1,74,FALSE,38.90289,-77.07497,320070,4308046
"PMS10",NA,NA,0.1,10,1,11,1990,2012,NA,NA,0.1,8,1,9,430,FALSE,38.90233,-77.06942,320550,4307973
"PMS11",NA,NA,0.1,0.1,1,1,1990,1997,NA,NA,0.1,0.1,1,1,76,FALSE,38.9015,-77.06554,320885,4307874
"PMS12",NA,NA,0.1,5,1,2,1990,1997,NA,NA,0.1,0.1,1,1,77,FALSE,38.90039,-77.06136,321244,4307742
"PMS13",NA,NA,0.1,0.1,1,1,1990,1997,NA,NA,0.1,0.1,1,1,75,FALSE,38.89845,-77.05776,321552,4307520
"PMS16",NA,NA,0.1,0.1,1,1,1990,1997,NA,NA,0.1,0.1,1,1,74,FALSE,38.88817,-77.05415,321839,4306372
"PMS18",NA,NA,0.1,0.1,1,1,1990,1997,NA,NA,0.1,0.1,1,1,74,FALSE,38.88122,-77.05192,322015,4305596
"PMS21",NA,NA,0.1,10,1,11,1990,2012,NA,NA,0.1,6,1,7,430,FALSE,38.87428,-77.0422,322841,4304807
"PMS23",NA,NA,0.1,0.1,1,1,1990,1997,NA,NA,0.1,0.1,1,1,70,FALSE,38.86984,-77.03414,323530,4304299
"PMS25",NA,NA,0.1,0.1,1,1,1990,1997,NA,NA,0.1,0.1,1,1,75,FALSE,38.86317,-77.02914,323947,4303549
"PMS27",NA,NA,0.1,0.1,1,1,1990,1997,NA,NA,0.1,0.1,1,1,75,FALSE,38.85706,-77.02608,324197,4302865
"PMS29",NA,NA,0.098,10,1,11,1990,2012,NA,NA,0.1,5,1,6,415,FALSE,38.85039,-77.0222,324518,4302117
"PMS31",NA,NA,0.1,0.1,1,1,1990,1997,NA,NA,0.1,0.1,1,1,73,FALSE,38.84289,-77.02359,324379,4301287
"PMS33",NA,NA,0.1,0.1,1,1,1990,1997,NA,NA,0.1,0.1,1,1,74,FALSE,38.83567,-77.02637,324120,4300491
"PMS35",NA,NA,0.1,0.1,1,1,1990,2005,NA,NA,0.1,0.1,1,1,75,FALSE,38.82872,-77.0297,323813,4299726
"PMS37",NA,NA,0.1,10,1,11,1990,2012,NA,NA,0.1,8,1,9,254,FALSE,38.82178,-77.03109,323676,4298959
"PMS39",NA,NA,0.1,0.1,1,1,1990,2010,NA,NA,0.1,0.1,1,1,108,FALSE,38.814,-77.03387,323415,4298101
"PMS41",NA,NA,0.1,0.1,1,1,1990,1997,NA,NA,0.1,0.1,1,1,73,FALSE,38.8065,-77.03581,323228,4297272
"PMS44",NA,NA,0.1,11,1,12,1990,2012,NA,NA,0.1,9,1,10,248,FALSE,38.79483,-77.03692,323103,4295979
"PMS46",NA,NA,0.1,0.1,1,1,1990,1997,NA,NA,0.1,0.1,1,1,71,FALSE,38.78706,-77.0372,323059,4295117
"PMS48",NA,NA,0.1,0.1,1,1,1990,1997,NA,NA,0.1,0.1,1,1,72,FALSE,38.77956,-77.03553,323186,4294282
"PMS51",NA,NA,0.1,10,1,11,1990,2012,NA,NA,0.1,8,1,9,217,FALSE,38.77011,-77.03136,323525,4293225
"PNK002.52",0.49,1.9,0.75,1.75,3,8,2004,2006,1,1.528,1,1.5,4.3,7,94,FALSE,37.50617,-76.33265,382213,4151859
"PNK004.41",0.85,2.17,1,2.5,4,11,2004,2006,1.192,2.014,1.25,2.175,5,9.7,24,FALSE,37.53582,-76.35573,380221,4155178
"PNK009.96",0.42,4.85,0.75,2.5,3,11,2004,2006,0.736,3.134,0.825,2.275,4,10.1,24,FALSE,37.51377,-76.42438,374118,4152821
"PNK013.91",0.9,2.2,1,2,2,9,2004,2006,1.273,1.935,1.25,1.75,6,8,95,FALSE,37.53407,-76.48782,368547,4155161
"PNK018.35",0.81,3.63,0.75,2.5,4,11,2004,2006,1.202,3.082,1.025,2.5,5,11,22,FALSE,37.56677,-76.54648,363424,4158872
"POC003.01",4,9.19,4,8,4,8,2013,2015,4.66,7.496,4,7,4,7,27,FALSE,37.98777,-75.62792,444860,4204644
"POK0009",1.4,4.1,1,3.8,1,6,2012,2014,2.06,3.1,1.7,2.8,3.6,5,67,FALSE,37.9765,-75.64295,443532,4203402
"POK0014",0.2,1.3,0,0,1,1,2004,2013,0.36,1.2,0,0,1,1,19,FALSE,37.98111,-75.6375,444014,4203910
"POK0087",0.6,7.3,0,7,1,8,2003,2014,1,5.22,0,4.9,1,6,149,FALSE,38.03972,-75.66084,442011,4210428
"POK0187",4.2,9.1,3.9,8.8,5,10,2012,2014,5.4,5.95,5.1,5.65,6,7,66,FALSE,38.08592,-75.55928,450953,4215495
"POK0232",4.3,6.9,4,6.6,5,8,2012,2014,5.2,6.3,4.9,6,6,7,21,FALSE,38.11915,-75.49705,456430,4219151
"POK0316",2.2,5.6,1,5.3,1,7,2012,2014,3,4.05,2.6,3.74,4,5,67,FALSE,38.1789,-75.39403,465489,4225738
"POM000.97",0.3,1.36,0.25,1.25,2,6,2007,2009,0.749,1.25,0.5,1,3,5,50,FALSE,38.3436,-77.30485,298575,4246453
"POQ001.36",1,2.46,1,2.25,5,10,2010,2012,1.086,2.138,1,2.1,5,9.4,27,FALSE,37.15095,-76.41615,374242,4112556
"POT022.86",5.28,5.96,5,5,5,5,2007,2009,5.34,5.92,5,5,5,5,21,FALSE,38.15212,-76.64825,355582,4223976
"POT040.14",2.15,2.75,2,2.75,2,12,2007,2009,2.18,2.67,2,2.5,8,11,21,FALSE,38.2216,-76.95442,328916,4232208
"PTB01",NA,NA,0.1,0.1,1,1,1990,2012,NA,NA,0.1,0.1,1,1,232,FALSE,38.88706,-77.03942,323114,4306220
"PUN001.40",0.76,1.5,0.75,1.5,4,7,2016,2018,0.868,1.458,0.75,1.25,4,6,27,FALSE,37.67531,-75.85221,424848,4170133
"PUN003.70",0.63,1.65,0.5,1.5,3,7,2016,2018,0.932,1.512,0.75,1.35,4,6.4,27,FALSE,37.66608,-75.802,429268,4169070
"PWC04",NA,NA,0.1,9,1,10,1990,2012,NA,NA,0.1,7,1,8,250,FALSE,38.87372,-77.0222,324575,4304706
"PXT0311",0.4,18.2,0.2,6,1,7,2003,2005,1.27,2.56,0.5,2,1,4,78,FALSE,38.6263,-76.6768,354037,4276641
"PXT0435",0.9,6.3,0.5,6,1,7,2003,2005,2.1,4.9,0.5,4,1,6,21,FALSE,38.7571,-76.6993,352348,4291193
"PXT0455",0.5,3.2,0.2,2.9,1,5,2003,2019,1.2,2.5,0.9,2.2,1,4,354,FALSE,38.78128,-76.7137,351147,4293899
"RCR01",0,0,0.1,0.1,1,1,1990,2012,0,0,0.1,0.1,1,1,229,FALSE,38.9865,-77.06359,321268,4317303
"RCR07",NA,NA,0.1,0.1,1,1,1990,1997,NA,NA,0.1,0.1,1,1,61,FALSE,38.934,-77.04887,322412,4311448
"RCR09",NA,NA,0.1,0.1,1,1,1990,2012,NA,NA,0.1,0.1,1,1,227,FALSE,38.92844,-77.04942,322350,4310832
"RET1.1",9.3,14,9,13,4,7,1990,2019,11,12,10,10.5,5,7,507,TRUE,38.4909,-76.66429,354854,4261595
"RET2.1",6,8.6,0.7,7.9,3,9,1990,2019,6.9,7.9,5.9,6.8,3,3,528,TRUE,38.4035,-77.2691,301863,4253023
"RET2.2",6.3,14.5,5.3,13.7,4,15,1990,2019,8.8,11.4,7.8,10.2,5,6,528,TRUE,38.3525,-77.2051,307317,4247228
"RET2.3",8.6,9.8,8.3,9.5,3,3,1990,1990,8.85,9.55,8.55,9.25,3,3,16,FALSE,38.38818,-77.13053,313925,4251034
"RET2.4",13,19,10.6,17.8,5,19,1990,2019,14.5,17,13.5,15.7,11,17,521,TRUE,38.3626,-76.99063,326083,4247922
"RET3.1",3,9,2,8,2,8,1990,2019,5,7,4,7,3,6,365,TRUE,37.9173,-76.8222,339829,4198204
"RET3.1N",NA,NA,1,1,1,1,1994,1994,NA,NA,1,1,1,1,12,FALSE,37.9243,-76.81274,340676,4198965
"RET3.1S",NA,NA,1,1,1,1,1994,1994,NA,NA,1,1,1,1,12,FALSE,37.91541,-76.82468,339607,4197999
"RET3.2",3,9,3,7,1,6,1990,2019,4,6,4,5,3,5,361,TRUE,37.81158,-76.71195,349305,4186290
"RET4.1",3,8,3,12,1,7,1990,2019,5,7,4,6,3,5,344,TRUE,37.52564,-76.86761,334970,4154824
"RET4.2",1,18,1,17,1,17,1990,2019,10,17,9,16,6,15,379,TRUE,37.57125,-76.79715,341294,4159763
"RET4.3",3,9,3,8,2,7,1990,2019,5,7,5,6,3,6,357,TRUE,37.50869,-76.78889,341891,4152808
"RET4.3N",NA,NA,1,1,1,1,1994,1994,NA,NA,1,1,1,1,12,FALSE,37.51042,-76.7821,342495,4152989
"RET4.3S",NA,NA,1,1,1,1,1994,1994,NA,NA,1,1,1,1,12,FALSE,37.51042,-76.7996,340948,4153018
"RET5.1A",2,6,2,5,1,5,1990,2019,3,5,3,4,2,4,369,TRUE,37.3123,-76.87672,333694,4131169
"RET5.2",7,15,6,15,4,11,1990,2019,8,11.8,8,11,5,10,366,TRUE,37.20294,-76.78219,341843,4118873
"RET5.2N",NA,NA,1,1,1,1,1994,1994,NA,NA,1,1,1,1,11,FALSE,37.21543,-76.77885,342165,4120253
"RET5.2S",NA,NA,1,1,1,1,1994,1994,NA,NA,1,1,1,1,11,FALSE,37.19043,-76.7919,340955,4117501
"ROS001.10",1.2,1.93,1,1.75,5,8,2007,2009,1.24,1.87,1.25,1.75,6,8,21,FALSE,38.27273,-77.0105,324130,4237987
"RPP001.99",2.9,3.85,2.75,3.75,8,16,2007,2009,3.27,3.77,3,3.5,9,15,21,FALSE,37.61415,-76.32025,383478,4163825
"RPP006.96",1.08,1.76,1,1.75,5,8,2007,2009,1.11,1.57,1,1.5,5,7,21,FALSE,37.59248,-76.41168,375372,4161538
"RPP010.60",11.9,15.3,11,17,11,17,2007,2009,12,14.1,11,14,11,14,21,FALSE,37.63189,-76.44486,372510,4165955
"RPP015.61",0.5,1.94,0.5,1.75,3,8,2007,2009,1,1.555,0.75,1.5,4,6,80,FALSE,37.62083,-76.54645,363525,4164871
"RPP017.04",1.02,6.6,1,3,5,10,2007,2009,1.19,2.38,1,1.5,5,7,21,FALSE,37.6623,-76.53913,364247,4169461
"RPP021.29",0.75,4.53,0.75,3.75,4,16,2007,2009,1,3.92,1,1.5,4,7,21,FALSE,37.7173,-76.55995,362512,4175594
"RPP022.94",1.41,2.1,1.25,2,6,8,2007,2009,1.437,1.86,1.25,1.75,6,8,20,FALSE,37.72515,-76.59703,359258,4176520
"RPP025.52",6.65,9.96,6,7,6,7,2007,2009,6.71,7.62,6,7,6,7,21,FALSE,37.75925,-76.61592,357659,4180333
"RPP029.64",1.34,2.42,1.25,2.25,6,10,2007,2009,1.648,2.173,1.5,2,6.9,9,20,FALSE,37.964,-76.8556,336996,4203444
"RPP031.57",4.95,5.92,4,5,4,5,2007,2009,5.07,5.7,5,5,5,5,21,FALSE,37.80833,-76.71333,349177,4185931
"RPP033.29",0.7,1.84,0.5,1.75,3,8,2007,2009,0.7,1.47,0.5,1.25,3,6,81,FALSE,37.82195,-76.75027,345954,4187503
"RPP037.79",1.4,1.97,1.25,1.75,5,8,2007,2009,1.42,1.91,1.25,1.75,6,8,21,FALSE,37.8757,-76.76483,344785,4193491
"RPP042.12",5.1,5.77,4,5,4,5,2007,2009,5.22,5.66,5,5,5,5,21,FALSE,37.9173,-76.8222,339829,4198204
"RPP051.01",4.3,8.86,4,8,4,8,2007,2009,5.1,8.68,5,8,5,8,21,FALSE,38.01847,-76.90928,332404,4209584
"RPP057.00",0.3,1.66,0.25,1.5,2,7,2007,2009,0.7,1.384,0.5,1.25,3,6,69,FALSE,38.08072,-76.96395,327751,4216592
"RPP064.40",2.63,5.56,2,4,2,4,2007,2009,3.36,4.04,3,3,3,3,21,FALSE,38.11295,-77.05482,319860,4220341
"RPP080.19",1.91,7.78,1.75,7,3,8,2007,2009,3.828,6.701,3,6,3.1,6,22,FALSE,38.17553,-77.18786,308359,4227552
"RPP084.32",0.5,3.59,0.5,3.5,3,13,2007,2009,1.088,2.244,1,2,5,9,67,FALSE,38.18543,-77.24062,303764,4228761
"RPP098.80",3.5,4.64,2,4,2,4,2007,2009,3.72,4.41,3,4,3,4,21,FALSE,38.24461,-77.32508,296530,4235511
"RPP108.39",1,1.83,0.75,1.75,4,8,2007,2009,1.08,1.56,1,1.5,5,7,21,FALSE,38.2965,-77.45317,285472,4241560
"SBA1",9,15,8,14,8,14,1998,2002,10,14,9,13,9,13,58,FALSE,36.82711,-76.29167,384809,4076471
"SBC1",9,14,8,13,8,13,1998,2002,10,12,9,11,9,11,49,FALSE,36.7995,-76.2927,384676,4073410
"SBD1",10,13,9,12,9,12,1998,2002,11,13,10,12,10,12,49,FALSE,36.7791,-76.31,383102,4071167
"SBD4",3,4,2,3,2,3,1998,2002,3,4,2,3,2,3,58,FALSE,36.73611,-76.295,384376,4066380
"SBE2",8,16,1,15,1,15,1990,2019,10,14.55,9,13.05,9,13,330,TRUE,36.8134,-76.2903,384911,4074949
"SBE5",3,13,2,12,2,12,1990,2019,4,11,3,10,3,10,327,TRUE,36.76987,-76.29605,384333,4070126
"SEV003.38",1.42,3.3,1.25,3,6,13,2010,2012,1.782,2.714,1.65,2.5,7.6,11,27,FALSE,37.32313,-76.4493,371591,4131704
"SEV0116",1.4,2.8,1,1.7,1,4,2003,2003,1.6,2.1,1,1.35,1,3,36,FALSE,39.0818,-76.6112,360640,4327089
"SGC0041",1.2,2,0.5,1.6,2,3,2004,2008,1.2,1.81,1,1,2,2.1,40,FALSE,38.166,-76.521,366758,4225326
"SMSMC",4,4,0,4,1,5,1999,2001,4,4,1.4,3.3,2.4,4.3,8,FALSE,38.18933,-76.43367,374448,4227793
"SMT01",0,3.3,0,0.8,1,2,1999,2004,0.0899999999999997,0.97,0,0.5,1,2,88,FALSE,38.22567,-76.49033,369551,4231903
"SMT02",2.6,3.6,2,3,3,5,1999,2006,2.6,3.2,2,3,3,4,106,FALSE,38.21017,-76.46567,371682,4230149
"SMT03",4.5,5.2,3,5,4,6,1999,2002,4.5,4.96,4,4,5,5,52,FALSE,38.2,-76.44933,373095,4228998
"SMT04",1.4,8.4,6,8,6,9,1999,2006,7,7.932,6,7,7,8.40000000000001,107,FALSE,38.18867,-76.43984,373907,4227728
"SMT05",7,8.1,6,7,7,8,1999,2002,7.2,7.74,6,7,7,8,53,FALSE,38.16933,-76.448,373159,4225593
"SMT06",6.5,8.3,6,8,7,9,1999,2006,7.32,8,7,7,8,8,107,FALSE,38.151,-76.4495,372995,4223561
"SMT07",8,9.2,6,9,7,10,1999,2006,8.1,8.6,7,8,8,9,97,FALSE,38.11183,-76.44334,373468,4219206
"SMT08",2,3.6,2,3,2,4,1999,2004,2.6,3.2,2,3,3,4,93,FALSE,38.16017,-76.47183,371055,4224609
"SMT09",0.8,2.3,0,2,1,4,1999,2006,1.1,1.86,0.5,1,2,3,98,FALSE,38.16517,-76.52,366844,4225232
"SMT10",3.3,4.2,2,4,3,5,1999,2006,3.4,4,3,3,4,5,108,FALSE,38.16567,-76.41766,375810,4225146
"SMT10A",1.6,2.1,1,2,2,3,1999,1999,1.72,2.07,1,2,2,3,10,FALSE,38.17083,-76.41433,376111,4225714
"SMT10B",1.4,1.4,1,2,1,3,1999,1999,1.4,1.4,1,1.37,1.9,3,10,FALSE,38.16317,-76.40967,376506,4224858
"SMT11",1,3.4,0,3,1,4,2001,2004,1.61,2.4,1,2,2,3,42,FALSE,38.12192,-76.43225,374457,4220311
"SMT12",1.1,4.1,0,3,1,4,2001,2004,2.01,3.3,1,3,2,4,42,FALSE,38.1589,-76.43405,374363,4224417
"SMT13",0.9,1.2,0,1,1,2,2003,2003,0.9,1.2,0,1,1,2,10,FALSE,38.13837,-76.50443,368160,4222236
"TBK01",NA,NA,0.1,0.1,1,1,1990,2012,NA,NA,0.1,0.1,1,1,130,FALSE,38.91789,-77.12054,316157,4309802
"TBR01",NA,NA,0.1,0.1,1,1,2003,2012,NA,NA,0.1,0.1,1,1,34,FALSE,38.94528,-77.05111,322246,4312704
"TCO01",NA,NA,0.1,1,1,1,1990,2012,NA,NA,0.1,0.1,1,1,158,FALSE,38.89456,-77.0747,320073,4307121
"TCO06",0,0,0.1,0.1,1,1,1990,2012,0,0,0.1,0.1,1,1,162,FALSE,38.92761,-77.10136,317845,4310842
"TDA01",NA,NA,0.1,0.1,1,1,1990,2012,NA,NA,0.1,0.1,1,1,129,FALSE,38.92872,-77.12193,316065,4311007
"TDO01",NA,NA,0.1,0.1,1,1,2003,2012,NA,NA,0.1,0.1,1,1,33,FALSE,38.91556,-77.05972,321425,4309423
"TDU01",NA,NA,0.1,0.1,1,1,1990,2012,NA,NA,0.1,0.1,1,1,64,FALSE,38.88345,-76.97636,328575,4305699
"TF1.3",0.3,7,0,0.1,1,1,1990,2019,0.4,4.4,0,0,1,1,505,TRUE,38.81092,-76.71227,351332,4297187
"TF1.4",0.3,3.7,0,0.1,1,1,1990,2019,1.6,2.8,0,0,1,1,506,TRUE,38.77302,-76.70927,351514,4292976
"TF1.5",4,12.5,3,11,4,10,1990,2019,10,11.5,9,10,4,6,452,TRUE,38.71012,-76.70146,352063,4285983
"TF1.6",3,10,4,9,3,8,1990,2019,6,7,5,6,3,5,499,TRUE,38.65845,-76.68381,353492,4280220
"TF1.7",2,30,0.5,4,1,6,1990,2019,2.7,3.3,2,2,2,3,521,TRUE,38.58211,-76.68101,353581,4271744
"TF2.1",1.8,21.8,0.5,21,1,9,1990,2019,17.7,20.2,16.7,19.1,5,6,511,TRUE,38.70664,-77.04876,321855,4286215
"TF2.2",6.2,9.5,5.2,8.6,3,6,1990,2019,7.7,8.9,6.6,7.8,3,3,504,TRUE,38.69067,-77.11111,316392,4284565
"TF2.3",5,15,0.5,13.5,1,15,1990,2019,11.8,13.6,10.7,12.5,6,6,537,TRUE,38.6082,-77.1739,310714,4275540
"TF2.4",5.6,10.5,4.6,9.4,2,11,1990,2019,8.4,9.4,7.4,8.4,3,3,531,TRUE,38.5301,-77.2654,302532,4267065
"TF3.1",1,1,1,5,1,5,1990,2001,1,1,1,1,1,1,86,FALSE,38.32013,-77.47137,283951,4244225
"TF3.1A",3,5,0.3,5,1,3,1990,1999,3,4,1,3.60000000000001,1,2.60000000000001,85,FALSE,38.25541,-77.41165,288985,4236904
"TF3.1B",3,7,1,6,1,6,1990,2019,3,5,3,4,2,3,335,TRUE,38.24628,-77.23344,304555,4235499
"TF3.1D",3,4,0.3,4,1,3,1991,1999,3,3,1,3,1,2,78,FALSE,38.28763,-77.44859,285847,4240565
"TF3.1E",2,6,1,5,1,5,1991,2019,3,5,3,4,2,3,328,TRUE,38.24469,-77.32508,296531,4235520
"TF3.1F",3,8,3,7,2,7,2008,2019,4,6,3,5,3,5,120,FALSE,38.26953,-77.42897,287510,4238511
"TF3.2",4,12,3,11,1,11,1990,2019,5,8,5,7,3,7,350,TRUE,38.17467,-77.18661,308466,4227454
"TF3.2A",3,13,2,13,2,9,1994,2019,4,7,4,6,3,6,285,TRUE,38.11295,-77.05482,319860,4220341
"TF3.3",3,10,3,9,2,8,1990,2019,6,9,5,8,4,7,367,TRUE,38.01847,-76.90928,332404,4209584
"TF4.1A",3,6,1,6,1,4,1994,1995,5,6,3.4,6,2.2,4,13,FALSE,37.66737,-77.13636,311578,4171057
"TF4.2",1,12,1,11,1,11,1990,2019,5,8.15999999999999,4,8,3,7,387,TRUE,37.57999,-77.02128,321520,4161136
"TF4.4",1,9,1,8,1,6,1990,2019,2,5,2,4,2,3,375,TRUE,37.7228,-77.02566,321475,4176991
"TF4.4A",5,8,0.3,8,1,5,1994,1995,6,7,0.3,7,1,4,16,FALSE,37.65375,-76.89774,332595,4169092
"TF5.2",1,1,1,1,1,2,1990,2019,1,1,1,1,1,1,366,TRUE,37.5305,-77.434,284929,4156508
"TF5.2A",5,11,1,11,1,9,1990,2019,7,10,6,9,4,8,359,TRUE,37.45,-77.41883,286040,4147541
"TF5.3",4,14,1,14,1,12,1990,2019,9,13,8,12,5,11,363,TRUE,37.4031,-77.39272,288218,4142278
"TF5.4",3,9,2,8,2,8,1990,2019,5,8,5,7,3,6,364,TRUE,37.3124,-77.29133,296949,4131990
"TF5.5",2,13,1,12,1,11,1990,2019,9,11,8,10,5,9,374,TRUE,37.31265,-77.23283,302134,4131894
"TF5.5A",7,11,6,10,1,10,1990,2019,8,10,8,9,5,9,366,TRUE,37.30165,-77.1284,311362,4130460
"TF5.5AN",NA,NA,1,1,1,1,1994,1994,NA,NA,1,1,1,1,11,FALSE,37.30904,-77.13025,311216,4131283
"TF5.5AS",NA,NA,1,1,1,1,1994,1994,NA,NA,1,1,1,1,11,FALSE,37.2982,-77.12691,311485,4130074
"TF5.6",6,13,5,15,2,10,1990,2019,9,11,9,10,5,9,367,TRUE,37.27272,-76.99057,323511,4126983
"TF5.6A",7,8,0.3,8,1,5,1994,1995,7.1,8,0.3,8,1,5,20,FALSE,37.22182,-76.92329,329362,4121212
"TFB01",NA,NA,0.1,0.1,1,1,1990,1997,NA,NA,0.1,0.1,1,1,54,FALSE,38.91928,-77.08303,319413,4309881
"TFB02",NA,NA,0.1,0.1,1,1,2003,2012,NA,NA,0.1,0.1,1,1,28,FALSE,38.93417,-77.07889,319810,4311526
"TFC01",NA,NA,0.1,0.1,1,1,1990,2012,NA,NA,0.1,0.1,1,1,76,FALSE,38.88678,-76.9372,331980,4305996
"TFD01",NA,NA,0.1,0.1,1,1,1990,2012,NA,NA,0.1,0.1,1,1,74,FALSE,38.87011,-76.95803,330134,4304184
"TFE01",NA,NA,0.1,0.1,1,1,2003,2012,NA,NA,0.1,0.1,1,1,30,FALSE,39.0125,-77.04361,323063,4320150
"TFS01",NA,NA,0.1,0.1,1,1,1990,2012,NA,NA,0.1,0.1,1,1,76,FALSE,38.86678,-76.9747,328679,4303846
"THR01",NA,NA,0.1,0.1,1,1,1990,2012,NA,NA,0.1,0.1,1,1,231,FALSE,38.90844,-76.9622,329863,4308446
"TKV01",NA,NA,0.1,0.1,1,1,2003,2012,NA,NA,0.1,0.1,1,1,34,FALSE,38.93306,-77.05111,322215,4311348
"TLU01",NA,NA,0.1,0.1,1,1,2003,2012,NA,NA,0.1,0.1,1,1,35,FALSE,38.9621,-77.04135,323133,4314552
"TMH01",NA,NA,0.1,0.1,1,1,2003,2012,NA,NA,0.1,0.1,1,1,35,FALSE,38.93781,-77.05304,322060,4311879
"TMI01",NA,NA,0.1,0.1,1,1,2003,2009,NA,NA,0.1,0.1,1,1,57,FALSE,38.94577,-77.10293,317756,4312861
"TNA01",NA,NA,0.1,0.1,1,1,1990,2012,NA,NA,0.1,0.1,1,1,79,FALSE,38.91011,-76.94136,331674,4308593
"TNS01",NA,NA,0.1,0.1,1,1,2003,2012,NA,NA,0.1,0.1,1,1,36,FALSE,38.91917,-77.05611,321747,4309816
"TOR01",NA,NA,0.1,0.1,1,1,1990,2012,NA,NA,0.1,0.1,1,1,133,FALSE,38.83178,-77.04081,322856,4300087
"TPB01",NA,NA,0.1,0.1,1,1,1990,2012,NA,NA,0.1,0.1,1,1,77,FALSE,38.88678,-76.97636,328583,4306068
"TPI01",NA,NA,0.1,0.1,1,1,2003,2012,NA,NA,0.1,0.1,1,1,35,FALSE,38.97111,-77.04417,322911,4315557
"TPO01",NA,NA,0.1,0.1,1,1,2003,2012,NA,NA,0.1,0.1,1,1,35,FALSE,38.98841,-77.04135,323199,4317472
"TPY01",NA,NA,0.1,0.1,1,1,2003,2012,NA,NA,0.1,0.1,1,1,33,FALSE,38.93528,-77.04778,322509,4311588
"TRQ0088",0.6,5,0,3.6,1,5,2003,2013,1.1,3.5,0,1,1,2,192,FALSE,38.41722,-75.99361,413259,4252575
"TRQ0146",1.2,3.2,0,0,1,1,2003,2013,1.8,2.6,0,0,1,1,129,FALSE,38.46556,-76.00056,412710,4257946
"TRQ0203",0.4,1.8,0,0,1,1,2011,2013,1,1.54,0,0,1,1,34,FALSE,38.513,-75.968,415606,4263179
"TRQ0224",0.5,1.6,0,0,1,1,2011,2013,1,1.5,0,0,1,1,34,FALSE,38.555,-75.936,418444,4267811
"TSK000.23",0.75,2.8,0.75,2.5,4,11,2005,2017,1.1,2,1,1.75,5,8,412,FALSE,37.41497,-76.71441,348285,4142287
"TSO01",NA,NA,0.1,0.1,1,1,2003,2012,NA,NA,0.1,0.1,1,1,35,FALSE,38.9449,-77.05174,322190,4312663
"TTX27",NA,NA,0.1,0.1,1,1,1990,2012,NA,NA,0.1,0.1,1,1,76,FALSE,38.86845,-76.96914,329166,4304021
"TUK0022",5.7,9.3,5.4,9,7,10,2006,2008,6.5,9,6.2,8.7,8,10,21,FALSE,38.8312,-75.9143,420640,4298441
"TWB01",NA,NA,0.1,0.1,1,1,1990,2012,NA,NA,0.1,0.1,1,1,222,FALSE,38.90345,-76.94553,331297,4307861
"TWB05",NA,NA,0.1,0.1,1,1,1990,2012,NA,NA,0.1,0.1,1,1,233,FALSE,38.894,-76.9147,333949,4306756
"TWB06",NA,NA,0.1,0.1,1,1,1990,2012,NA,NA,0.1,0.1,1,1,232,FALSE,38.89372,-76.93192,332454,4306756
"UMC001.78",1.04,1.9,0.75,1.75,4,8,2007,2009,1.15,1.85,1,1.75,5,8,21,FALSE,38.31697,-77.05922,319977,4242990
"WAR001.58",0.3,1.6,0.25,1.5,2,7,2010,2012,0.6,1.27,0.5,1.1,3,5.40000000000001,87,FALSE,37.37997,-76.43552,372907,4137991
"WAR004.62",1.35,2.56,1.25,2.5,6,11,2010,2012,1.792,2.36,1.75,2.25,8,10,27,FALSE,37.39653,-76.47943,369048,4139889
"WBB05",3,6,0.3,5,1,5,1998,2019,4,6,3,5,2,4,243,FALSE,36.82917,-76.39583,375523,4076830
"WBE1",2,7,1,6,1,6,1990,2019,3,5,2,4,2,4,322,TRUE,36.8432,-76.35939,378795,4078340
"WE4.1",4,7,3,6,3,6,1990,2019,5,6,4,5,4,5,446,TRUE,37.31181,-76.34634,380695,4130313
"WE4.2",4,19,3,18,1,17,1990,2019,12,15,11,14,11,14,449,TRUE,37.24181,-76.38634,377037,4122598
"WE4.2N",3,8,2,7,2,7,1994,1995,3,4.8,2,3.8,2,3.8,13,FALSE,37.25181,-76.3905,376684,4123712
"WE4.2S",2,7,1,6,1,6,1994,1995,2,4,1,3,1,3,13,FALSE,37.23681,-76.38634,377029,4122043
"WE4.3",4,7,3,6,1,6,1990,2019,4,6,3,5,3,5,442,TRUE,37.17681,-76.373,378116,4115369
"WE4.4",2,9,1,8,1,8,1990,2019,4,8,3,7,3,7,440,TRUE,37.11015,-76.293,385117,4107873
"WES000.18",0.7,2.76,0.25,2.5,2,11,2007,2009,0.893,2.414,0.75,2.25,4,10,84,FALSE,38.02855,-76.5509,363883,4210117
"WES001.66",1.22,1.9,1,1.75,5,8,2019,2019,1.26,1.876,1.2,1.75,5.8,8,9,FALSE,36.87361,-76.10696,401343,4081424
"WES002.98",0.7,1.99,0.5,1.75,3,8,2019,2019,1,1.751,0.75,1.575,4,7.3,18,FALSE,36.85732,-76.12025,400137,4079630
"WIW0089",3.6,6.1,3.3,5.8,5,7,2006,2008,3.9,5.8,3.6,5.5,5,7,21,FALSE,38.2966,-75.7585,433674,4238996
"WIW0141",0.8,6,0,0,1,1,2003,2019,2.8,5,0,0,1,1,192,FALSE,38.34153,-75.69569,439204,4243938
"WIW0144",0.8,11.4,0.5,4.8,1,6,2006,2008,0.93,4,0.63,3.67,1,5,64,FALSE,38.3422,-75.6892,439772,4244008
"WIW0198",1.6,6.1,1.3,5.8,3,7,2006,2008,3.8,5.7,3.5,5.4,5,7,21,FALSE,38.3519,-75.6198,445844,4245041
"WT1.1",1,3.5,0.5,2.8,1,5,1990,2019,1.9,2.7,1,1.8,2,3,349,TRUE,39.43511,-76.24205,393108,4365799
"WT2.1",1,3.6,0.5,2.6,1,4,1990,2019,1.6,2.5,0.7,1.5,2,3,358,TRUE,39.37747,-76.33465,385044,4359515
"WT3.1",2,4.5,1,3.8,2,7,1990,2019,3.1,4,2.1,3,3,4,358,TRUE,39.30538,-76.40954,378469,4351612
"WT4.1",0.9,2.5,0.3,2,1,4,1990,2019,1.5,2.1,0.5,1.22,1,3,369,TRUE,39.27755,-76.44368,375476,4348570
"WT5.1",12.1,18,11,16.9,9,18,1990,2019,15,17,14,15.7,15,17,500,TRUE,39.21309,-76.52254,368553,4341528
"WT6.1",4,7,3,6,4,7,1990,2019,5.3,6.1,4.3,5.1,6,6,349,TRUE,39.07851,-76.51005,369383,4326574
"WT7.1",5,11.3,4,10.3,5,12,1990,2019,9,10.2,8,9.1,9,10,357,TRUE,39.00764,-76.5035,369820,4318699
"WT8.1",5.2,11,4.2,9.4,6,16,1990,2019,7.38,9.8,6.5,8.7,8,10,369,TRUE,38.9496,-76.5461,366022,4312320
"WT8.2",1.8,3.9,1,2.9,2,5,1990,2019,2.3,3,1.4,2.1,3,4,363,TRUE,38.88696,-76.5349,366875,4305352
"WT8.3",2.2,4.5,0.5,3.7,3,6,1990,2019,3,3.9,2,3,3,4,365,TRUE,38.8425,-76.5341,366862,4300416
"WXT0001",0.2,11.6,0,0.1,1,1,1990,2019,0.6,2.2,0,0,1,1,489,TRUE,38.78538,-76.71343,351179,4294354
"WXT0013",0.7,7.8,0.4,2.4,1,5,2003,2019,1.3,2.2,1,1.9,1,4,348,FALSE,38.796,-76.7208,350561,4295545
"XAJ5327",3.3,4.3,3,4,2,5,2012,2014,3.5,4.2,3.2,3.9,4.1,5,22,FALSE,37.92197,-75.78777,430762,4197450
"XAJ7035",2.3,3.5,2,3.2,4,5,2012,2014,2.5,3.3,2.2,3,4,5,21,FALSE,37.95025,-75.77557,431860,4200578
"XAJ7384",1.6,2.5,1.3,2.2,3,5,2012,2014,1.6,2.4,1.3,2.1,3,4,21,FALSE,37.95535,-75.69052,439337,4201085
"XAJ8271",1.3,2.4,1,2.1,2,5,2012,2014,1.5,2.2,1.2,1.9,3,4,21,FALSE,37.97073,-75.71487,437210,4202808
"XAK7810",1.5,4.2,1,3.6,2,5,2003,2014,2.8,3.9,1.8,3,3,4,131,FALSE,37.96395,-75.65047,442862,4202014
"XBD9558",2.6,5.7,2.3,5.4,5,7,2006,2006,3.2,5.64,2.9,5.34,5,7,7,FALSE,38.1588,-76.7368,347837,4224859
"XBE2100",5,6.3,4.7,6,6,7,2006,2006,5.42,6.3,5.12,6,6.6,7,7,FALSE,38.0348,-76.5012,368257,4210739
"XBE5486",13.2,14.2,11,11,2,6,2009,2009,13.28,14.12,11,11,5.2,6,9,FALSE,38.0905,-76.5227,366471,4216951
"XBE6753",6.1,6.9,5.8,6.6,7,8,2006,2008,6.3,6.8,6,6.5,7,8,21,FALSE,38.1106,-76.5785,361616,4219263
"XBE6983",16.8,17.9,16.5,17.6,18,19,2007,2008,16.89,17.57,16.59,17.27,18,19,14,FALSE,38.115,-76.5283,366025,4219677
"XBE8396",0.9,2,0.5,1.6,1,4,2004,2008,1.2,1.7,0.7,1.2,1,3,124,FALSE,38.1378,-76.5058,368038,4222175
"XBE9300",2.6,4.3,2.3,4,5,5,2006,2006,3.38,4.3,3.08,4,5,5,7,FALSE,38.1543,-76.6659,354040,4224246
"XBF0320",1.1,1.3,1,1.5,2,3,2006,2006,1.15,1.3,1,1.25,2,2.5,6,FALSE,38.0056,-76.4679,371128,4207452
"XBF0956",4.1,5.1,3,4,4,8,2007,2007,4.16,4.74,3.6,4,4.6,6.2,7,FALSE,38.12,-76.41,376404,4220068
"XBF2099",10.1,13,1,12.7,1,14,2011,2019,11.04,12.5,10.58,12.2,11,13,75,FALSE,38.033,-76.3355,382796,4210318
"XBF3534",12.6,16.7,2,16,4,17,2006,2008,13.47,16.52,11.3,15,12.3,16,20,FALSE,38.0595,-76.444,373319,4213400
"XBF5231",6.3,7.6,6,7.3,7,9,2006,2008,6.5,7.2,6.2,6.9,8,8,21,FALSE,38.0867,-76.4483,372989,4216424
"XBF6734",7.7,8.5,7,8,8,9,2005,2005,7.73,8.27,7,8,8,9,14,FALSE,38.11183,-76.44334,373468,4219206
"XBF6843",0.8,1.8,0.5,1.3,1,3,2004,2005,1.1,1.6,0.5,1.1,1,3,55,FALSE,38.1135,-76.4285,374771,4219371
"XBF6903",1.9,4,1.5,4,3,7,2006,2008,2.08,3.76,1.88,3.5,3.8,6,19,FALSE,37.9483,-76.3283,383294,4200910
"XBF7254",3.8,4.3,3,4,4,5,2008,2008,3.92,4.24,3.3,3.88,4.6,5,7,FALSE,38.12,-76.41,376404,4220068
"XBF7495",1.3,2.5,1,2.2,2,5,2018,2019,1.5,2.2,1.2,1.97,3,4,14,FALSE,38.12348,-76.34307,382277,4220367
"XBF7904",0.9,2.3,0.4,2,1,4,2006,2019,1.2,1.8,0.8,1.3,1,3,202,FALSE,38.1311,-76.4934,369113,4221414
"XBF9130",7,8,6,8,7,9,2004,2008,7.1,7.6,6.63,7,7.9,8,40,FALSE,38.151,-76.4495,372995,4223561
"XBF9949",1.4,4.1,1,4,3,5,2004,2008,3.3,3.92,3,3,4,4,39,FALSE,38.1657,-76.4177,375807,4225149
"XBG2601",4,5.4,4,5,5,8,2006,2008,4.3,5.1,4,5,5,6,21,FALSE,38.0443,-76.3334,382998,4211569
"XBG4203",0.5,2.3,0.2,2,1,4,2018,2019,0.7,1.75,0.4,1.45,1,3,36,FALSE,38.06928,-76.32834,383483,4214335
"XBI3993",1.9,3,1.6,2.7,3,6,2011,2013,2,2.9,1.7,2.6,4,5,21,FALSE,38.06518,-75.84343,426014,4213382
"XBI6387",0.6,2,0.5,1.7,1,4,2011,2013,0.9,1.6,0.6,1.3,1,3,63,FALSE,38.1055,-75.85467,425069,4217865
"XBI7962",2.3,3.2,2,2.9,4,5,2011,2013,2.3,3.1,2,2.8,4,5,21,FALSE,38.1316,-75.89522,421541,4220794
"XBJ2003",0.8,2.8,0.5,2.5,1,5,2011,2013,1.5,2.7,1.2,2.4,3,5,21,FALSE,38.03373,-75.82832,427308,4209881
"XBJ3220",0.7,1.8,0.4,1.5,1,3,2011,2013,0.8,1.6,0.5,1.3,1,3,64,FALSE,38.053,-75.79975,429834,4211997
"XBJ9344",0.6,1.8,0.5,1.5,1,3,2011,2013,0.8,1.4,0.5,1.1,1,2,21,FALSE,38.15412,-75.75925,433479,4223187
"XBM8828",0.5,1,0.2,0.7,1,1,2005,2006,0.65,0.9,0.35,0.6,1,1,26,FALSE,38.14825,-75.28622,474921,4222302
"XCC4530",3,4.9,2.7,4.6,4,6,2006,2008,3.3,4.5,3,4.2,4,6,21,FALSE,38.2415,-76.9503,329324,4234408
"XCC8346",0.4,2,0.1,1.7,1,4,2006,2008,0.7,1.5,0.4,1.2,1,2.1,70,FALSE,38.3054,-76.9239,331782,4241451
"XCC9680",0.2,2.2,0.1,2,1,3,2006,2008,0.4,1.1,0.1,0.840000000000001,1,2,69,FALSE,38.3255,-76.866,336890,4243578
"XCD0340",1.5,3.3,1.2,3,3,5,2007,2008,1.72,2.84,1.42,2.54,3,5,14,FALSE,38.1715,-76.7656,345340,4226316
"XCD0517",5.7,7.1,5.4,6.8,7,8,2006,2008,6.2,6.9,5.9,6.6,7,8,21,FALSE,38.1744,-76.8056,341843,4226705
"XCD1466",7.9,9,7.6,8.7,9,10,2007,2008,8,8.67,7.7,8.37,9,10,14,FALSE,38.1896,-76.7231,349101,4228254
"XCD3596",2.9,8,2.6,7.7,5,9,2006,2008,5.3,6.3,5,6,6,7,21,FALSE,38.2246,-76.6732,353541,4232058
"XCD3765",4.3,6.1,4,5,5,6,2006,2008,5.19,5.91,4,5,5,6,20,FALSE,38.2272,-76.7247,349038,4232429
"XCD5599",1.7,3,1,2.5,1,5,2006,2009,2,2.5,1.2,2,2,4,81,FALSE,38.259,-76.6713,353777,4235873
"XCD6674",6.5,7.8,0.7,7,6,8,2006,2008,6.7,7.5,6,7,7,8,21,FALSE,38.276,-76.7095,350469,4237820
"XCD7202",1.7,4.5,1,4,2,5,2006,2008,1.8,3.9,1,3,2,4,21,FALSE,38.2859,-76.83,339950,4239120
"XCE0055",12.8,13.6,1,11,1,6,2008,2008,12.88,13.52,5,11,3,6,5,FALSE,38.16667,-76.575,362028,4225479
"XCE1407",6.8,8.3,6.5,8,7,9,2006,2008,7.3,8,7,7.7,8,9,21,FALSE,38.1894,-76.6556,355012,4228124
"XCE2643",4.3,7,4,6.7,5,8,2006,2008,5.3,6.7,5,6.4,6,8,21,FALSE,38.2092,-76.596,360270,4230230
"XCF1336",6.5,9.7,6,9,7,10,2004,2008,6.8,8.42,6,8,7,9,39,FALSE,38.1887,-76.4398,373910,4227731
"XCF1440",2.9,4.3,2.3,3.35,4,6,2008,2009,3.2,3.8,2.7,3.3,4,5,31,FALSE,38.1893,-76.4339,374428,4227790
"XCF2621",2.6,3.3,2,3,3,5,2004,2005,2.6,3.23,2,2.5,3,5,18,FALSE,38.21017,-76.46567,371682,4230149
"XCF7068",0.7,2.5,0.5,0.5,1,1,2003,2003,1.04,2.48,0.5,0.5,1,1,3,FALSE,38.2841,-76.3879,378614,4238248
"XCF9029",0.4,2.9,0.25,1.5,1,3,2003,2006,0.8,2.3,0.5,1,1,2,96,FALSE,38.3167,-76.4526,373012,4241952
"XCG5495",0.5,1.5,0.2,1.2,1,3,2008,2010,0.8,1.3,0.5,1,1,2,65,FALSE,38.2565,-76.1743,397258,4234926
"XCG8862",1,1.8,0.7,1.5,1,3,2018,2019,1.1,1.6,0.8,1.3,2,3,43,FALSE,38.3134,-76.22933,392527,4241303
"XCG9168",0.5,1.6,0.2,1.3,1,3,2008,2010,0.8,1.4,0.5,1.1,1,2,65,FALSE,38.3191,-76.2196,393386,4241924
"XCH2613",5.3,6.6,5,6.3,6,8,2018,2019,5.53,6.24,5.23,5.94,7,7,14,FALSE,38.21032,-76.14286,399946,4229767
"XCH4378",1.8,2.8,1.5,2.5,3,5,2003,2005,2,2.8,1.7,2.5,4,5,19,FALSE,38.23858,-76.03598,409338,4232793
"XCH6533",2.5,3.5,2.2,3.2,3,6,2008,2010,2.5,3.3,2.2,3,4,5,21,FALSE,38.2746,-76.1114,402785,4236867
"XCH7507",10.3,15.6,10,15.3,11,17,2008,2010,11.7,15.1,11.4,14.8,13,16,21,FALSE,38.2903,-76.1548,399011,4238655
"XCH8097",0.8,2.1,0.5,1.7,1,3,2003,2005,1.2,1.9,0.9,1.5,1,3,63,FALSE,38.30003,-76.00557,412073,4239583
"XCH8973",1,2,0.7,1.7,2,4,2003,2005,1.28,2,0.98,1.7,2,4,20,FALSE,38.31555,-76.04472,408669,4241343
"XCI3696",1.2,2.6,0.9,2.3,2,5,2006,2008,1.55,2.3,1.25,2,3,4,16,FALSE,38.2261,-75.8395,426520,4231234
"XCI4078",2.6,5.7,1.6,4.7,3,6,2003,2013,3.3,5,2.4,4,4,5,126,FALSE,38.23379,-75.86963,423891,4232112
"XCI4821",0.7,2.3,0.5,1.7,1,4,2003,2005,0.8,2,0.5,1.7,1,4,19,FALSE,38.24675,-75.96413,415635,4233632
"XCI5506",2.8,6.3,2.5,6,5,8,2003,2003,3.8,6.22,3.5,5.92,5.4,7.6,5,FALSE,38.22583,-75.98915,413421,4231334
"XCI5934",1.3,2.4,1,2.1,2,4,2012,2014,1.4,2.3,1.1,2,2,4,21,FALSE,38.26552,-75.94332,417477,4235696
"XCI6253",0.8,3.4,0.5,3.1,1,5,2012,2014,1.1,2.5,0.8,2.2,2,5,21,FALSE,38.26988,-75.91052,420351,4236151
"XCI9167",0.4,1.4,0.1,1.1,1,2,2012,2014,0.6,1.2,0.3,0.9,1,2,67,FALSE,38.3182,-75.88857,422323,4241494
"XCJ5200",1.7,2.6,1.4,2.3,3,5,2006,2008,1.8,2.51,1.5,2.21,3,5,20,FALSE,38.2535,-75.8324,427169,4234269
"XCJ6023",1,2.5,0.7,10.02,2,4,2006,2008,1.2,2,0.9,1.7,2,3,64,FALSE,38.26713,-75.79512,430444,4235753
"XDA0338",2,3.2,1.7,3,4,6,2006,2008,2.2,2.9,1.9,2.7,4,5,21,FALSE,38.3383,-77.27,301607,4245789
"XDA6515",2.6,3.7,2.3,3.3,4,5,2006,2008,2.8,3.5,2.5,3.1,4,5,21,FALSE,38.4417,-77.3083,298546,4257348
"XDA8236",5,6,1,5.7,1,7,2018,2019,5.27,5.93,4.9,5.62,6,7,29,FALSE,38.46978,-77.27277,301726,4260388
"XDB4544",0.3,3.5,0.1,3.2,1,5,2006,2008,0.5,1.51,0.19,1.21,1,3,60,FALSE,38.4084,-77.1103,315743,4253238
"XDB4877",1.8,5.3,1.5,5,3,6,2006,2008,2,5,1.7,4.7,3,6,21,FALSE,38.4142,-77.0391,321975,4253741
"XDB8278",2,2.9,1.7,2.6,3,6,2006,2008,2.1,2.7,1.8,2.4,4,5,21,FALSE,38.4697,-77.0371,322286,4259897
"XDB8884",0.7,1.6,0.4,1.3,1,3,2007,2008,0.81,1.4,0.5,1.1,1,2,32,FALSE,38.47963,-77.02748,323149,4260980
"XDC3807",1.3,2.8,1,2.5,2,5,2006,2008,1.8,2.4,1.5,2.1,3,4,70,FALSE,38.396,-76.9891,326297,4251626
"XDD9298",2,2.2,0.5,0.5,1,1,2003,2003,2.02,2.18,0.5,0.5,1,1,2,FALSE,38.487,-76.6703,354322,4261172
"XDE4587",0.8,11.2,0.2,1.5,1,4,2003,2007,1.2,1.8,0.5,1.48,1,3,123,FALSE,38.4088,-76.5218,367131,4252270
"XDF0255",0.3,1.1,0.1,0.8,1,2,2018,2019,0.4,0.96,0.1,0.66,1,1,25,FALSE,38.33645,-76.40832,376917,4244083
"XDF6533",1.3,3.7,1,3.4,2,6,2017,2019,1.5,3.1,1.2,2.8,3,5,21,FALSE,38.44173,-76.44526,373872,4255817
"XDG1188",1.5,2.2,1.2,1.9,2,4,2008,2010,1.6,2,1.2,1.7,3,4,21,FALSE,38.3523,-76.1862,396353,4245570
"XDG2324",4.2,5.6,3.9,5.3,5,7,2018,2019,4.53,5.51,4.23,5.21,6,6.7,14,FALSE,38.3715,-76.29317,387036,4247828
"XDG5922",1.1,2.2,0.5,1.9,1,4,2018,2019,1.32,2.08,1.02,1.78,2,4,33,FALSE,38.43147,-76.2971,386840,4254485
"XDG6518",1.3,2.2,1,1.9,2,4,2017,2018,1.5,2,1.2,1.7,2,4,25,FALSE,38.44177,-76.30286,386300,4255636
"XDI1306",1.3,2.2,1,1.9,2,4,2003,2003,1.4,1.9,1.1,1.6,2.5,3.5,6,FALSE,38.35545,-75.99012,413490,4245717
"XDI1487",1.6,4.7,1.3,4.4,3,6,2012,2014,2.1,4.2,1.8,3.9,4,5,21,FALSE,38.35722,-75.85513,425286,4245796
"XDI4990",0.8,7.1,0.5,6.8,1,8,2012,2014,1.3,5.8,1,5.5,2,7,21,FALSE,38.41505,-75.85,425794,4252209
"XDJ6207",2.9,6.9,2.6,6.6,4,8,2012,2014,3.2,6.3,2.9,6,5,7,21,FALSE,38.44037,-75.82168,428291,4254996
"XDJ8905",1.7,9.3,1.4,9,3,10,2012,2014,2.59,4.02,2.29,3.72,4,6,70,FALSE,38.48135,-75.8244,428094,4259545
"XDJ9007",0.4,4,0,4,1,4,2003,2013,1.28,2.56,0,0,1,1,128,FALSE,38.48375,-75.82098,428395,4259809
"XDN6921",0.3,1,0.1,0.7,1,2,2008,2019,0.4,0.8,0.1,0.5,1,1,190,FALSE,38.44902,-75.13245,488442,4255644
"XEA3687",0.8,2.2,0.5,1.9,1,4,2004,2015,1.2,1.8,0.9,1.5,2,3,197,FALSE,38.55925,-77.1887,309296,4270138
"XEA6046",0.8,1.8,0.5,1.5,1,3,2006,2006,0.85,1.65,0.5,1.25,1,2.5,6,FALSE,38.6,-77.257,303455,4274805
"XEA8467",2.5,3.7,2,3.5,4,7,2007,2008,2.53,3.67,2.5,3,4,6,14,FALSE,38.66,-77.23,305968,4281406
"XEA9461",0.3,1,0.25,0.3,1,1,2006,2006,0.51,1,0.25,0.3,1,1,4,FALSE,38.6559,-77.2321,305774,4280956
"XEB5404",1,2.4,0.5,2.1,1,4,2009,2014,1.23,1.9,0.9,1.6,2,3,64,FALSE,38.59017,-77.16063,311822,4273512
"XED0694",1,18.5,0.5,2,1,4,2003,2005,1.6,2.26,0.699999999999999,1.8,1,3,75,FALSE,38.5104,-76.6773,353759,4263780
"XEE1502",2.8,4,0.5,4,1,8,2003,2005,3.2,3.9,0.5,3.5,1,7,21,FALSE,38.5253,-76.664,354948,4265412
"XEE3591",1,1.8,0.7,1.5,1,3,2017,2017,1.03,1.57,0.73,1.27,1.3,3,14,FALSE,38.55789,-76.51502,367996,4268805
"XEE3604",0.1,10.9,0.5,1,1,2,2003,2005,0.9,1.5,0.5,1,1,2,21,FALSE,38.5605,-76.6605,355324,4269313
"XEE3691",0.7,1.9,0.4,1.6,1,4,2017,2019,1,1.7,0.7,1.4,1,3,51,FALSE,38.55972,-76.5154,367966,4269009
"XEF3551",10.8,12,9,11.7,10,13,2010,2019,11.2,11.73,10.49,11.4,11,13,98,FALSE,38.5563,-76.4147,376734,4268489
"XEF4689",4.9,6.9,4.6,6.6,6,8,2017,2019,5.2,6.6,4.9,6.3,6,8,21,FALSE,38.57635,-76.35187,382242,4270632
"XEG0138",1,3,0.7,2.7,2,6,2005,2007,1.8,2.9,1.5,2.6,3,5,21,FALSE,38.5023,-76.2708,389190,4262313
"XEG1995",2.7,4.9,0.5,4.6,1,6,2005,2007,3.3,4.6,3,4.3,4,6,21,FALSE,38.5283,-76.1791,397223,4265092
"XEG2646",0.6,1.6,0.3,1.3,1,3,2005,2007,0.8,1.3,0.5,1,1,2,68,FALSE,38.5427,-76.25588,390552,4266778
"XEG3623",1.2,2.3,1,2,2,4,2005,2007,1.4,2,1.1,1.7,3,4,21,FALSE,38.5601,-76.294,387257,4268755
"XEG4991",0.8,1.9,0.5,1.6,1,3,2005,2007,1.07,1.63,0.74,1.3,1,3,68,FALSE,38.58217,-76.18211,397038,4271073
"XEG5627",1.3,3.8,1,3.5,2,6,2006,2008,2.6,3.8,2.3,3.5,4,5,21,FALSE,38.5933,-76.2883,387805,4272433
"XEG6966",1.1,2.1,1,1.8,2,4,2006,2008,1.4,1.9,1.1,1.6,2,3,21,FALSE,38.6159,-76.2234,393491,4274863
"XEG7539",1.3,2.5,1,2.2,2,5,2006,2008,1.6,2.2,1.3,1.9,3,4,21,FALSE,38.6245,-76.2688,389552,4275871
"XEG8519",3.9,5,3.6,4.7,5,6,2006,2008,4,4.8,3.7,4.5,5,6,21,FALSE,38.6414,-76.3023,386662,4277787
"XEG8593",10.3,18.6,10,18.3,11,20,2006,2008,16.5,18.2,15.3,17.9,17,19,21,FALSE,38.6428,-76.178,397482,4277797
"XEH5622",1.8,3,1.5,2.7,2,5,2006,2008,2.04,2.8,1.8,2.5,4,5,65,FALSE,38.5935,-76.1288,401696,4272272
"XEH7912",10.4,14.3,9.7,14,11,15,2006,2008,10.6,13.3,10.3,13,12,14,21,FALSE,38.6313,-76.1469,400173,4276486
"XEH8132",2.3,3.5,2,3.2,4,6,2006,2008,2.7,3.3,2.4,3,4,6,21,FALSE,38.6415,-76.1111,403302,4277580
"XEI7405",1.2,2.8,0.5,2.5,1,5,2006,2008,1.3,1.9,1,1.6,2,3,67,FALSE,38.6226,-75.9912,413715,4275363
"XEJ0543",3.3,9,3,8.7,4,10,2012,2014,5.5,8.1,5.2,7.8,7,9,21,FALSE,38.50867,-75.76185,433575,4262530
"XEJ2464",0.8,4.5,0.5,4.2,1,6,2012,2014,1.88,3,1.4,2.7,3,5,70,FALSE,38.53933,-75.72613,436717,4265907
"XFB0231",0.3,3.5,0.1,3.5,1,7,2004,2008,0.59,1.51,0.29,1.23,1,2.10000000000001,100,FALSE,38.66993,-77.11513,315990,4282272
"XFB0500",0.9,2,1,1.5,2,3,2006,2008,1.09,1.81,1,1.5,2,3,20,FALSE,38.6758,-77.1663,311553,4283027
"XFB1839",1.3,2.3,0.5,2,1,4,2004,2004,1.42,2.12,0.5,1.7,1,3.4,7,FALSE,38.6961,-77.1022,317181,4285150
"XFB1986",0.5,2.9,0,2.1,1,3,1990,2019,1,2,0.5,1.1,1,2,504,TRUE,38.69787,-77.02317,324059,4285192
"XFB2184",0,10,0.2,2,1,4,2004,2008,0.9,1.8,0.6,1.5,1,3,102,FALSE,38.70157,-77.02593,323828,4285608
"XFB5581",1.5,2.8,0.5,2.5,1,5,2004,2004,1.68,2.38,0.5,1.9,1,3.8,7,FALSE,38.7592,-77.0312,323512,4292014
"XFB7379",5.3,8.5,1,8.2,1,9,2011,2017,5.78,7.58,5.38,7.24,6.9,8.1,40,FALSE,38.78767,-77.03565,323195,4295182
"XFB8408",0.8,3.3,0.5,3,1,6,2006,2008,0.8,2.42,0.95,2.05,1.9,4.1,20,FALSE,38.8079,-77.0321,323554,4297420
"XFD1283",2.1,2.9,0.5,2.5,1,5,2003,2005,2.2,2.8,0.5,2.5,1,5,21,FALSE,38.6863,-76.6958,352506,4283330
"XFE1386",2.1,4.7,1.8,4.4,4,6,2017,2019,2.6,3.9,2.3,3.6,4,5,21,FALSE,38.68838,-76.52252,367583,4283297
"XFE5373",3.3,4.2,3,3.9,4,5,2017,2019,3.3,4.1,3,3.8,4,5,21,FALSE,38.75465,-76.54488,365762,4290683
"XFF2293",1,2.6,0.7,2.3,1,5,2017,2019,1.6,2.2,1.21,1.9,3,4,62,FALSE,38.70365,-76.3453,383021,4284750
"XFG0809",1,2.6,0.7,2.3,2,5,2006,2008,1.28,1.85,1,1.5,2,3,21,FALSE,38.6797,-76.3173,385417,4282056
"XFG0965",1.9,2.8,1.6,2.5,3,5,2006,2008,2,2.7,1.7,2.4,4,5,21,FALSE,38.6821,-76.2252,393432,4282212
"XFG2810",2.8,4.3,2,4,2,6,2013,2019,3.02,3.8,2.7,3.5,4,5,103,FALSE,38.71252,-76.3168,385513,4285698
"XFG3973",0.8,2.5,0.5,2.2,1,5,2006,2008,1,1.8,0.7,1.5,2,3,21,FALSE,38.7323,-76.2125,394611,4287768
"XFG4618",2.1,3.5,1,3,1,5,2012,2019,2.33,3.2,1.5,2,3,4,114,FALSE,38.74323,-76.30338,386729,4289089
"XFG4620",1.5,2.7,1.2,2.4,2,5,2006,2008,1.9,2.5,1.6,2.2,3,5,21,FALSE,38.7433,-76.2999,387031,4289093
"XFG5054",0.4,3.5,0.1,3.2,1,4,2006,2008,0.8,1.5,0.5,1.12,1,2.2,69,FALSE,38.74935,-76.24397,391901,4289696
"XFG6431",2.6,4.7,2.3,4.4,2,6,2013,2019,2.9,4,2.6,3.7,4,5,104,FALSE,38.77315,-76.2823,388607,4292383
"XFG9164",0.3,2.2,0.1,1.4,1,3,2004,2006,0.8,1.4,0.5,1,1,2,71,FALSE,38.8194,-76.2259,393576,4297449
"XFG9210",2.8,5.3,2.5,5,5,6,2004,2006,4.3,5,4,4.7,5,6,21,FALSE,38.82,-76.316,385754,4297624
"XFH2312",5.6,11.7,5.3,11.4,7,13,2006,2008,6.5,8.5,6.2,8.2,8,10,21,FALSE,38.7052,-76.1468,400284,4284687
"XFH7523",3.5,4.5,3.2,4.2,5,8,2004,2006,3.7,4.3,3.4,4,5,6,21,FALSE,38.7926,-76.1282,402021,4294365
"XFI1515",3,4.9,2.8,4.6,4,6,2006,2008,3.7,4.7,3.4,4.4,5,6,21,FALSE,38.6914,-75.9742,415276,4282982
"XGE0284",1,2.1,0.7,2,1,4,2004,2006,1.3,2,1,1.63,1,3,68,FALSE,38.8367,-76.5279,367389,4299764
"XGE0320",1.6,2.3,1.3,2,3,4,2011,2013,1.8,2.2,1.5,1.96,3,4,35,FALSE,38.8375,-76.5314,367087,4299858
"XGE2488",2.3,3.3,2,3,4,5,2004,2006,2.3,3.1,2,2.8,4,5,21,FALSE,38.8737,-76.5209,368065,4303860
"XGE3275",1.3,2.8,1,2.5,1,5,2004,2006,1.85,2.6,1,2.25,2,4,66,FALSE,38.886,-76.5415,366301,4305255
"XGE5492",1.1,4.3,0.8,4,2,6,2004,2006,1.74,4,1.44,3.7,3.1,5,22,FALSE,38.9234,-76.5132,368824,4309364
"XGE5984",1,2.4,0.7,2.1,2,4,2005,2005,1.12,2.1,0.82,1.89,2,3,22,FALSE,38.93147,-76.5268,367660,4310279
"XGE6281",1.3,4.5,1,4.2,2,8,2004,2006,2.83,3.97,2.52,3.67,4,6,22,FALSE,38.9369,-76.5314,367272,4310889
"XGE7059",0.7,4.3,0.7,4,1,7,2004,2006,1.3,2.36,1,2.06,2,4,68,FALSE,38.9495,-76.5687,364063,4312342
"XGF0681",0.2,1.4,0.1,1.1,1,2,2004,2006,0.5,1,0.3,0.790000000000001,1,2,72,FALSE,38.844,-76.3653,381514,4300350
"XGF1167",4.7,6,4.4,5.7,6,7,2017,2019,5.1,5.8,4.8,5.5,6,7,21,FALSE,38.85222,-76.38694,379651,4301291
"XGF1780",1.8,2.8,1.5,2.5,3,5,2004,2006,2,2.7,1.7,2.4,4,5,21,FALSE,38.8606,-76.533,366991,4302423
"XGF5025",1.3,2.6,1,2.3,2,5,2017,2019,1.8,2.4,1.5,2.1,3,4,68,FALSE,38.91675,-76.45838,373566,4308549
"XGF5404",1.8,4,1.5,3.7,3,5,2004,2006,1.82,3.08,1.52,2.78,3.1,5,22,FALSE,38.9238,-76.4928,370594,4309379
"XGF7480",5.6,6.8,5.3,6.5,7,8,2017,2019,5.7,6.7,5.4,6.4,7,8,21,FALSE,38.95701,-76.36705,381551,4312895
"XGF7832",3.5,7,1,6.7,1,8,2011,2019,5.95,6.7,5.56,6.4,6,8,87,FALSE,38.9611,-76.4475,374587,4313456
"XGF8027",2.6,3.1,2.3,2.8,4,6,2003,2003,2.7,3.05,2.4,2.75,4,5.5,6,FALSE,38.9681,-76.4539,374044,4314241
"XGG2084",1.8,4.2,1.5,3.9,3,5,2004,2006,1.8,3.12,1.5,2.82,3,5,20,FALSE,38.867,-76.1929,396509,4302693
"XGG3479",1,2.2,0.7,1.9,2,4,2004,2006,1.2,1.82,0.9,1.52,2,3.2,19,FALSE,38.8909,-76.2007,395868,4305354
"XGG4301",2.3,3.7,2,3.4,4,5,2004,2006,2.3,3.6,2,3.3,4,5,21,FALSE,38.9057,-76.3306,384626,4307153
"XGG4898",2.2,6.6,1.9,6.3,4,8,2004,2006,2.97,5.7,2.67,5.4,4,7.1,20,FALSE,38.9135,-76.1689,398658,4307827
"XGG5115",2.3,23.2,2,3,4,6,2004,2006,2.5,3.2,2.2,2.8,4,6,21,FALSE,38.9191,-76.3073,386667,4308611
"XGG5932",2.3,4.3,2,4,4,6,2004,2006,3.1,4.1,2.8,3.8,4,5,21,FALSE,38.9326,-76.2794,389107,4310075
"XGG5959",1.3,2.7,1,2.4,2,5,2004,2006,1.6,2.1,1.3,1.8,3,4,21,FALSE,38.9312,-76.234,393040,4309865
"XGG6667",1.6,2.9,1.3,2.6,3,5,2005,2008,2,2.6,1.7,2.3,3,5,66,FALSE,38.9428,-76.2216,394132,4311138
"XGG8251",0.5,7.2,0,6.9,1,8,1990,2019,1.1,6.6,0,5.9,1,6,362,FALSE,38.97113,-76.24734,391944,4314312
"XGG8359",1,2.2,0.5,1.1,1,2,2007,2009,1.2,1.56,0.6,1,1,2,35,FALSE,38.97128,-76.23573,392950,4314315
"XGG8458",1.2,1.9,0.5,1.5,1,3,2007,2009,1.2,1.7,0.7,1.2,1,2,39,FALSE,38.9734,-76.23669,392871,4314551
"XGG9992",2.3,5.8,2,5.7,4,7,2003,2006,4.45,5.7,4.15,5.4,5.5,7,26,FALSE,38.9995,-76.1791,397897,4317382
"XHE1284",3.7,7.6,3.4,7.3,5,9,2003,2003,3.85,7.3,3.55,7,5,8.5,6,FALSE,39.0208,-76.5263,367870,4320192
"XHE1973",2.7,5,1,4.7,1,6,2003,2003,3.02,4.2,1,3.68,1,4.6,35,FALSE,39.03162,-76.54535,366241,4321421
"XHE2258",3.4,5.3,3.1,5,4,6,2003,2003,4.2,5.3,3.9,5,5,6,6,FALSE,39.0371,-76.5695,364161,4322065
"XHE3170",6.9,7.8,6.6,7.5,8,9,2003,2003,6.95,7.7,6.65,7.4,8,9,6,FALSE,39.0515,-76.5506,365824,4323635
"XHF0206",3,4.4,2.7,4,4,5,2003,2003,3.25,4.3,2.85,3.95,4,5,6,FALSE,39.0029,-76.4906,370928,4318155
"XHF0460",1.4,2.6,0.5,2.3,1,5,2004,2019,1.8,2.3,1.5,2,3,4,218,FALSE,39.0075,-76.40033,378753,4318541
"XHF0488",15.4,16.2,15.1,15.9,14,15,2010,2010,15.48,16.2,15.18,15.82,14.4,15,5,FALSE,39.00585,-76.35438,382729,4318298
"XHF0561",1.8,2.7,0.5,2.4,1,5,2004,2007,2,2.6,1.5,2.3,3,5,52,FALSE,39.01647,-76.39488,379240,4319529
"XHF2584",11.6,12.5,11.3,12.2,12,13,2009,2011,11.68,12.22,11.38,11.92,12.8,13,19,FALSE,39.04072,-76.35997,382303,4322175
"XHF3230",2,3.2,1.7,2.9,4,5,2003,2003,2.06,2.78,1.76,2.48,4,4.4,7,FALSE,39.0532,-76.4494,374585,4323679
"XHF3339",1.5,4,1.2,3.7,3,5,2003,2003,1.74,3.88,1.44,3.58,3,5,7,FALSE,39.0562,-76.4358,375767,4323994
"XHF3719",1.1,2.4,0.8,1.5,1,3,2003,2003,1.6,2.24,1,1.3,1,3,38,FALSE,39.06102,-76.47017,372801,4324576
"XHF4727",3.5,4,3.2,3.7,5,7,2003,2003,3.56,3.88,3.26,3.58,5,5.8,7,FALSE,39.0787,-76.4556,374093,4326518
"XHF5111",2.4,3.5,2,3.2,3,6,2003,2003,2.76,3.38,2.42,3.08,3.6,6,7,FALSE,39.08657,-76.4329,376071,4327360
"XHF5340",1.2,3.3,0.9,3,2,4,2003,2003,1.26,3,0.96,2.7,2,4,7,FALSE,39.0892,-76.4329,376075,4327652
"XHF6841",1,1.9,0.7,1.6,1,3,2009,2011,1.3,1.8,1,1.5,2,3,71,FALSE,39.11285,-76.43217,376180,4330276
"XHF9165",6.2,8.2,1,7.9,1,9,2011,2017,6.8,7.97,6.38,7.66,8,9,45,FALSE,39.15191,-76.39115,379793,4334555
"XHF9808",1.2,2.2,0.9,1.9,1,4,2009,2011,1.3,1.93,1,1.63,2,3,68,FALSE,39.16273,-76.48747,371489,4335888
"XHG0859",1.8,2.8,1.5,2.5,3,5,2003,2006,2,2.7,1.66,2.4,3,5,27,FALSE,39.0139,-76.2349,393087,4319044
"XHG1579",1.8,3.8,1.5,3.5,3,5,2003,2006,2.2,3.3,1.82,3,3,5,27,FALSE,39.0257,-76.2017,395978,4320315
"XHG2318",1,14.2,0.7,1.7,1,3,2009,2011,1.3,1.7,1,1.4,2,3,72,FALSE,39.03938,-76.3038,387162,4321955
"XHG4413",9.3,9.3,5,5,4,4,2011,2011,9.3,9.3,5,5,4,4,1,FALSE,39.07062,-76.30788,386858,4325427
"XHG4755",4.6,5.6,4.3,5.3,6,7,2009,2011,4.8,5.5,4.5,5.2,6,7,21,FALSE,39.0779,-76.24163,392601,4326154
"XHG5819",8.6,11.3,8.3,11,10,12,2009,2011,8.7,9,8.4,8.7,10,10,21,FALSE,39.09698,-76.30732,386949,4328352
"XHG6496",4,8.3,3.7,8,5,9,2003,2006,6.04,8.04,5.74,7.74,7,9,27,FALSE,39.1063,-76.173,398578,4329227
"XHG8442",1.1,3.2,0.5,2.9,1,6,2009,2011,1.59,2.7,1.29,2.4,2.9,4,70,FALSE,39.14045,-76.26295,390853,4333122
"XHH3851",0.1,2.4,0.7,2.1,1,4,2005,2017,1.3,2,1,1.7,2,4,338,FALSE,39.06283,-76.08162,406422,4324305
"XHH4528",1,3.2,0.7,2.9,2,5,2006,2016,1.46,2.6,1.16,2.3,2.6,5,77,FALSE,39.0749,-76.1198,403135,4325685
"XHH4742",2,3.1,1,2.1,2,4,2006,2016,2.3,3,1.33,2,3,3,94,FALSE,39.07807,-76.0972,405094,4326013
"XHH4822",3.8,5,3.5,4.7,2,6,2003,2005,4.17,4.81,3.87,4.51,5,6,20,FALSE,39.0804,-76.1303,402234,4326306
"XHH4916",2.1,5.3,1.8,5,2,7,2006,2016,3.1,4.3,2.8,4,4,5,171,FALSE,39.0818,-76.1392,401467,4326471
"XHH4931",2,4.4,1.5,4.1,2,6,2006,2016,2.5,3.2,2.2,2.9,4,5,249,FALSE,39.0812,-76.1149,403568,4326379
"XHH5046",1.2,2.6,1,2.3,1,5,2005,2006,1.7,2.4,1.3,1.9,3,4,21,FALSE,39.08323,-76.10732,404226,4326596
"XHH6419",2.4,4,2,3.7,4,5,2003,2006,2.96,3.64,2.66,3.34,4,5,27,FALSE,39.1076,-76.1345,401909,4329329
"XHH7848",2.3,7.3,2,7,4,9,2003,2003,2.4,6.35,2.1,6.05,4.5,7.5,6,FALSE,39.1298,-76.08772,405983,4331744
"XHH9362",5.3,7.8,5,7.5,6,9,2003,2003,5.95,7.55,5.65,7.25,7,8.5,6,FALSE,39.15542,-76.06412,408056,4334563
"XIE2581",1.3,3,1,2.7,1,6,2009,2011,2.05,2.8,1.75,2.5,4,5,66,FALSE,39.20852,-76.53215,367715,4341034
"XIE4741",1.9,3.1,1,2.8,1,6,2009,2012,2.2,2.9,1.9,2.6,4,5,84,FALSE,39.2453,-76.59777,362121,4345214
"XIE4742",1.3,3,1,2.7,1,5,2013,2019,2,2.6,1.6,2.3,3,5,131,FALSE,39.24467,-76.59718,362171,4345143
"XIE4876",15,17.1,14,16.8,11,18,2009,2011,16,17,15,16.7,16,18,21,FALSE,39.24612,-76.53962,367141,4345218
"XIE5748",2.2,5,1,4.7,1,6,2004,2012,2.7,3.9,2.3,3.6,4,5,146,FALSE,39.2613,-76.5863,363142,4346973
"XIE6747",12.5,14,12,13.7,11,15,2009,2011,12.7,13.8,12.3,13.5,14,15,21,FALSE,39.27771,-76.58922,362922,4348798
"XIE7135",5.7,7.2,5.4,6.9,1,8,2016,2019,6.21,6.9,5.91,6.6,7,8,72,FALSE,39.28543,-76.60876,361252,4349686
"XIE7136",5.4,6.9,5,6.6,5,10,2016,2019,5.9,6.6,5.6,6.3,7,8,73,FALSE,39.28547,-76.60795,361322,4349688
"XIF0591",5.2,6,4.9,5.7,6,7,2009,2011,5.4,5.9,5.1,5.6,6,7,21,FALSE,39.17573,-76.34747,383607,4337142
"XIF1735",1.1,2.3,0.8,2,2,4,2009,2011,1.34,2,1,1.7,2,3,65,FALSE,39.1953,-76.44213,375464,4339440
"XIF2929",1.8,3.1,1.5,2.8,3,5,2009,2011,2.3,2.9,2,2.6,4,5,21,FALSE,39.21443,-76.45158,374682,4341576
"XIF3760",0.7,2.2,0.4,1.9,1,4,2015,2017,1,1.45,0.7,1.15,1,2,66,FALSE,39.2282,-76.40063,379108,4343035
"XIF4705",3,4.3,2.7,4,4,5,2009,2011,3.2,4,2.9,3.7,4,5,21,FALSE,39.24453,-76.4909,371342,4344972
"XIF4750",1.9,2.9,1.5,2.6,3,6,2014,2016,1.9,2.71,1.6,2.4,4,5,21,FALSE,39.24529,-76.41604,377805,4344953
"XIF4935",0.8,2.5,0.5,2.2,1,5,2014,2016,1.1,1.7,0.77,1.4,1,3,68,FALSE,39.2476,-76.4421,375560,4345245
"XIF7021",1,2.3,0.7,2,2,4,2014,2016,1.3,2,1,1.6,2,4,21,FALSE,39.28341,-76.46518,373632,4349251
"XIF7918",1,2.2,0.7,1.9,1,4,2014,2019,1.4,2,1,1.71,2,3.10000000000001,110,FALSE,39.29811,-76.4703,373217,4350889
"XIG2224",3.5,4.1,3.2,3.8,5,5,2009,2011,3.6,3.9,3.3,3.6,5,5,21,FALSE,39.2037,-76.29322,388337,4340178
"XIG2853",1.3,2.3,1,2,1,4,2015,2017,1.6,2.2,1.3,1.9,3,4,66,FALSE,39.21348,-76.24617,392413,4341209
"XIG4800",5.7,6.7,5.4,6.4,7,8,2015,2017,5.8,6.51,5.5,6.21,7,8,20,FALSE,39.2473,-76.3323,385034,4345066
"XIG5528",3.2,4.1,2.9,3.8,4,5,2015,2017,3.3,4.01,3,3.71,4,5,20,FALSE,39.2588,-76.2863,389022,4346285
"XIG6373",8.3,9.2,8,8.9,9,10,2015,2017,8.79,9.01,8.49,8.71,10,10,20,FALSE,39.3196,-76.2086,395816,4352940
"XIG7748",3.1,4.1,2.8,3.8,4,5,2015,2017,3.2,4,2.9,3.7,4,5,21,FALSE,39.2954,-76.2534,391917,4350307
"XIG7901",3.2,7.8,2.9,7.5,4,9,2015,2017,3.51,4.68,3.21,4.38,4.7,6,18,FALSE,39.29892,-76.33149,385188,4350792
"XIG8710",2.2,3.5,1.9,3.25,4,5,2003,2003,2.25,3.4,1.95,3.125,4,5,6,FALSE,39.31147,-76.3176,386406,4352169
"XIH0077",1.4,4.3,0.5,3.7,1,5,2003,2006,1.8,3.56,1,3.1,1,5,95,FALSE,39.1667,-76.0387,410267,4335789
"XIH1458",3.5,4.8,3.2,4.5,4,6,2003,2003,3.55,4.6,3.25,4.3,4.5,5.5,6,FALSE,39.20402,-76.06277,408236,4339955
"XIH3581",3.2,5.8,2.9,5.5,4,7,2003,2006,3.72,5.42,3.42,5.12,4.6,7,27,FALSE,39.2252,-76.0314,410972,4342274
"XIH4495",2.2,3,1.9,2.7,3,6,2003,2003,2.25,3,1.95,2.7,3.5,5.5,6,FALSE,39.23868,-76.00343,413403,4343743
"XJF0588",1,1.9,0.7,1.6,2,4,2003,2005,1.28,1.8,0.97,1.5,2,3,20,FALSE,39.34133,-76.35371,383343,4355529
"XJF0821",1.8,2.6,1.5,2.3,3,5,2003,2005,1.98,2.51,1.68,2.21,3,5,20,FALSE,39.34623,-76.29995,387983,4356004
"XJF2675",0.6,1.3,0.5,1,1,2,2003,2005,0.79,1.2,0.5,0.9,1,2,20,FALSE,39.37907,-76.37708,381392,4359748
"XJF4289",0.9,2,0.6,1.7,1,3,2003,2005,1.2,1.73,0.97,1.33,1,3,58,FALSE,39.4019,-76.35163,383622,4362248
"XJG0006",1.7,2.1,1.4,1.9,3,4,2003,2003,1.75,2.05,1.45,1.8,3,4,6,FALSE,39.33349,-76.32375,385912,4354620
"XJG1149",2.6,3.3,2.3,3,4,5,2003,2003,2.68,3.22,2.38,2.92,4,5,5,FALSE,39.35252,-76.24895,392388,4356641
"XJG1795",3.5,8.7,3.2,8.4,4,10,2015,2017,3.8,8,3.5,7.7,5,9,21,FALSE,39.3622,-76.1749,398783,4357630
"XJG2340",1.5,2.8,1.2,2.5,3,5,2003,2005,2.07,2.7,1.77,2.4,4,5,18,FALSE,39.36972,-76.2675,390816,4358572
"XJG2718",0.3,1.4,0.2,1,1,2,2003,2005,0.75,1.2,0.5,0.9,1,2,76,FALSE,39.38153,-76.3043,387665,4359928
"XJG3207",1.3,1.8,1,1.5,2,3,2003,2003,1.36,1.71,1.06,1.41,2.3,3,4,FALSE,39.38722,-76.32307,386058,4360583
"XJG4337",0.8,2.7,0.5,2.4,1,5,2003,2007,1.05,2.3,0.96,2,1,4,107,FALSE,39.40389,-76.27275,390417,4362370
"XJG4451",1.8,2.8,1.5,2.5,3,5,2003,2005,2.2,2.8,1.9,2.5,3.9,5,20,FALSE,39.41072,-76.24762,392592,4363098
"XJG6745",1.3,1.3,1,1,2,2,2003,2003,1.3,1.3,1,1,2,2,5,FALSE,39.44482,-76.25823,391731,4366895
"XJG7035",0.3,6.2,0.1,1.3,1,3,2003,2019,0.4,1.1,0.1,0.8,1,2,330,FALSE,39.45078,-76.27457,390334,4367577
"XJG7461",0.8,2.2,0.5,1.9,1,4,2008,2010,1.2,1.8,0.9,1.5,2,3,48,FALSE,39.45821,-76.23227,393985,4368351
"XJG7856",0.7,1.5,0.5,1.2,1,3,2003,2005,0.8,1.3,0.5,1,1,2,18,FALSE,39.462,-76.2407,393266,4368781
"XJH1222",1,2.2,0.7,1.9,1,4,2015,2017,1.2,1.7,0.9,1.4,2,3,69,FALSE,39.35393,-76.1296,402674,4356659
"XJH2362",1.1,3.9,0.8,3.6,1,5,2006,2011,1.34,2.2,1,1.9,2,4,115,FALSE,39.3717,-76.06252,408476,4358564
"XJH4239",3,3.7,2.7,3.4,4,5,2015,2017,3.3,3.6,3,3.3,4,5,21,FALSE,39.4028,-76.1019,405127,4362056
"XJH5080",5.3,6.4,5,6.1,6,7,2007,2009,5.7,6.3,5.4,6,7,7,21,FALSE,39.4167,-76.0333,411050,4363529
"XJH5342",2.1,3.3,1.8,3,4,6,2007,2009,2.48,3.11,2.18,2.9,4,5.1,20,FALSE,39.4209,-76.096,405659,4364059
"XJH6868",3.1,6,2.8,5.7,4,7,2007,2009,3.7,5.6,3.3,5.3,5,7,21,FALSE,39.4475,-76.0525,409438,4366966
"XJH8658",1.9,4.5,1.6,4.2,4,6,2007,2009,2.1,3.6,1.8,3.3,4,5,21,FALSE,39.4767,-76.0709,407893,4370225
"XJH9299",5.3,7.7,5,7.4,6,9,2007,2009,5.9,7.1,5.6,6.8,7,8,21,FALSE,39.4866,-76.0006,413952,4371255
"XJH9748",3.1,5.3,2.8,5,4,6,2007,2009,3.9,5.2,3.6,4.9,5,6,21,FALSE,39.4943,-76.0876,406480,4372196
"XJI1871",1.8,7,1.5,6.7,3,8,2006,2009,2.06,6.18,1.76,5.88,3.6,7,37,FALSE,39.36322,-75.88233,423989,4357455
"XJI2112",6.9,9.4,6,9.1,8,10,2007,2009,7.24,9.04,6.68,8.74,8,10,19,FALSE,39.3689,-75.9792,415650,4358172
"XJI2190",2.9,2.9,2.6,2.6,5,5,2007,2007,2.9,2.9,2.6,2.6,5,5,1,FALSE,39.36768,-75.84943,426828,4357923
"XJI2342",3.6,4.6,3.3,4.3,5,6,2007,2009,3.98,4.6,3.68,4.3,5,6,19,FALSE,39.3712,-75.9286,420012,4358381
"XJI2396",1,5.7,0.7,5.4,1,7,2007,2018,1.7,2.55,1.4,2.2,3,4,206,FALSE,39.37225,-75.83987,427656,4358423
"XJI8018",8.1,13,7.8,12.7,9,14,2007,2009,11.6,12.9,11.3,12.6,13,14,21,FALSE,39.4663,-75.9697,416585,4368973
"XJI8369",0.8,2.7,0.5,2.4,1,5,2007,2009,1.49,2.4,1.19,2.1,2,4,70,FALSE,39.4713,-75.8857,423816,4369453
"XJI8641",1.8,2.8,1.5,2.5,3,5,2007,2009,2.1,2.7,1.8,2.4,4,5,21,FALSE,39.4764,-75.931,419925,4370058
"XJI8856",1.6,3,1.3,2.7,3,6,2007,2009,2.1,2.8,1.8,2.5,4,5,21,FALSE,39.4805,-75.9068,422011,4370492
"XKH0375",0.5,1.8,0.2,1.5,1,3,2007,2017,0.7,1.4,0.47,1.1,1,2,128,FALSE,39.5053,-76.0414,410467,4373370
"XKH2555",4,7.5,3.7,7.2,5,8,2011,2017,4.7,5.74,4.4,5.4,6,7,57,FALSE,39.5404,-76.0736,407745,4377298
"XKH2797",0.4,1.8,0.1,1.5,1,3,2007,2009,0.7,1.4,0.4,1.1,1,2,68,FALSE,39.5443,-76.0049,413653,4377663
"XKH2870",0.6,7,0.4,6.7,1,8,2007,2009,0.88,2.22,0.58,1.92,1,4,69,FALSE,39.546,-76.0494,409832,4377895
"XKH2949",1.1,9,0.8,8,1,9,2007,2019,2.3,3.4,2,3.1,4,5,192,FALSE,39.5478,-76.0848,406792,4378131
"XKH3508",2,2.8,1.7,2.5,4,5,2007,2009,2.1,2.7,1.8,2.4,4,5,21,FALSE,39.5583,-75.9867,415234,4379199
"XKH6126",3.7,5,3.4,4.7,5,6,2007,2009,3.8,4.8,3.5,4.5,5,6,21,FALSE,39.6001,-76.1239,403505,4383977
"XKI0256",0.8,2.6,0.5,2.3,1,4,2007,2009,1.2,2,0.9,1.7,2,3,68,FALSE,39.5039,-75.9075,421977,4373090
"XKI1996",12.2,13.1,11.9,12.8,13,14,2015,2015,12.26,13.04,11.96,12.74,13,14,7,FALSE,39.53123,-75.83968,427835,4376064
"XKI2087",0.8,1.8,0.5,1.5,1,3,2015,2015,0.8,1.56,0.5,1.26,1,2.8,23,FALSE,39.53275,-75.85532,426496,4376254
"XKI2475",0.8,4,0.5,3.7,1,5,2007,2009,1.2,3.6,0.9,3.3,2,5,21,FALSE,39.5387,-75.875,424809,4376924
"XKI2616",2,3.2,1.7,2.9,3,6,2007,2009,2.2,3.1,1.9,2.8,4,5,21,FALSE,39.5429,-75.9735,416350,4377478
"XKI3890",0.7,2.5,0.5,2.2,1,4,2007,2009,1.1,2,0.8,1.7,2,3,68,FALSE,39.564,-75.8501,426975,4379712
"XKI5022",1.1,2.4,0.8,2.1,1,4,2007,2009,1.4,2.1,1,1.8,2,4,69,FALSE,39.5831,-75.9638,417231,4381930
"YEO000.45",3.59,5.16,3,5,3,5,2007,2009,3.82,5.13,4,5,4,5,21,FALSE,38.03765,-76.52498,366175,4211089
"YRK000.79",12.2,14.6,10,13,10,13,2010,2012,12.3,13.32,12,13,12,13,27,FALSE,37.24181,-76.38634,377037,4122598
"YRK001.20",1.19,2.52,1.25,2.5,5,10,2005,2008,1.394,2.306,1.5,2.25,6.7,10,28,FALSE,37.22727,-76.4228,373779,4121032
"YRK005.40",0.71,4,0.75,3.75,4,16,2005,2017,1.45,3.1,1.25,3,6,13,437,FALSE,37.24828,-76.49651,367276,4123464
"YRK006.77",0.99,2.71,1,2.5,5,11,2005,2008,1.318,2.5,1.475,2.5,6,11,60,FALSE,37.24432,-76.5243,364804,4123064
"YRK010.59",1,2.33,1,2,4,8,2005,2008,1.028,1.87,1.15,1.75,5.6,8,27,FALSE,37.29657,-76.56287,361479,4128917
"YRK012.78",1.05,2.17,1,2.25,4,10,2005,2008,1.193,1.803,1.075,2,5.3,9,24,FALSE,37.30047,-76.60819,357469,4129417
"YRK015.09",0.2,2.5,0.1,3,1,13,2005,2017,0.9,1.8,0.75,1.75,4,8,425,FALSE,37.34708,-76.61165,357251,4134594
"YRK023.40",0.96,2.11,1,2.25,4,10,2005,2008,1.268,1.956,1,1.9,5,8,25,FALSE,37.41742,-76.70888,348779,4142550
"YRK028.58",1.21,2.32,1,2.25,5,10,2005,2008,1.616,2.177,1.5,2.175,7,9.7,24,FALSE,37.48865,-76.74903,345373,4150518
"YRK031.24",1.53,3.55,1.5,3.5,6,13,2005,2008,1.612,3.312,1.75,2.85,7.3,11,24,FALSE,37.50465,-76.79252,341562,4152366
"ZDM0000",2.4,3.3,2,3,4,6,2004,2004,2.62,3.2,2,3,4,6,15,FALSE,38.935,-76.508,369297,4310644
"ZDM0001",1.1,2.6,0.8,2.1,1,5,2004,2012,1.5,2.2,1.1,1.7,2,4,101,FALSE,38.93598,-76.50771,369323,4310752
"ZDM0002",1.2,2.4,0.5,1.9,1,4,2004,2008,1.4,2.1,1,1.6,2,3.5,56,FALSE,38.93648,-76.50738,369353,4310807
"ZDM0003",0.6,2,0.5,1.5,1,3,2004,2004,1.12,1.76,1,1.5,2,3,15,FALSE,38.9362,-76.5067,369411,4310775
